SITE,OZONE,TEMP_F,StateCode,CountyCode,SiteNum,Latitude,Longitude,Parameter,UNITS,messy_date
27-137-7001,13,27.2,27,137,7001,47.523355,-92.536305,88101,PPB,4/1/2016 04 :00
27-137-7001,12,35.6,27,137,7001,47.523355,-92.536305,88101,PPB,4/2/2016 03 :00
27-137-7001,11,28.4,27,137,7001,47.523355,-92.536305,88101,PPB,4/3/2016 05 :00
27-137-7001,10,35.6,27,137,7001,47.523355,-92.536305,88101,PPB,4/4/2016 00 :00
27-137-7001,20,39.2,27,137,7001,47.523355,-92.536305,88101,PPB,4/5/2016 02 :00
27-137-7001,0.018,47,27,137,7001,47.523355,-92.536305,88101,PPM,4/6/2016 04 :00
27-137-7001,19,50.6,27,137,7001,47.523355,-92.536305,88101,PPB,4/7/2016 03 :00
27-137-7001,11,42.8,27,137,7001,47.523355,-92.536305,88101,PPB,4/8/2016 01 :00
27-137-7001,11,54.8,27,137,7001,47.523355,-92.536305,88101,PPB,4/9/2016 01 :00
27-137-7001,14,48.8,27,137,7001,47.523355,-92.536305,88101,PPB,4/10/2016 02 :00
27-137-7001,54,54.8,27,137,7001,47.523355,-92.536305,88101,PPB,4/11/2016 04 :00
27-137-7001,12,42.8,27,137,7001,47.523355,-92.536305,88101,PPB,4/12/2016 00 :00
27-137-7001,10,37.4,27,137,7001,47.523355,-92.536305,88101,PPB,4/13/2016 01 :00
27-137-7001,8,330,27,137,7001,47.523355,-92.536305,88101,PPB,4/14/2016 05 :00
27-137-7001,10,30.2,27,137,7001,47.523355,-92.536305,88101,PPB,4/15/2016 01 :00
27-137-7001,9,26.6,27,137,7001,47.523355,-92.536305,88101,PPB,4/16/2016 01 :00
27-137-7001,10,36.2,27,137,7001,47.523355,-92.536305,88101,PPB,4/17/2016 01 :00
27-137-7001,11,39.2,27,137,7001,47.523355,-92.536305,88101,PPB,4/18/2016 00 :00
27-137-7001,18,48.2,27,137,7001,47.523355,-92.536305,88101,PPB,4/19/2016 05 :00
27-137-7001,20,65.6,27,137,7001,47.523355,-92.536305,88101,PPB,4/20/2016 00 :00
27-137-7001,14,60.8,27,137,7001,47.523355,-92.536305,88101,PPB,4/21/2016 04 :00
27-137-7001,12,53.6,27,137,7001,47.523355,-92.536305,88101,PPB,4/22/2016 03 :00
27-137-7001,11,50,27,137,7001,47.523355,-92.536305,88101,PPB,4/23/2016 00 :00
27-137-7001,13,35.6,27,137,7001,47.523355,-92.536305,88101,PPB,4/24/2016 02 :00
27-137-7001,9,42.8,27,137,7001,47.523355,-92.536305,88101,PPB,4/25/2016 00 :00
27-137-7001,8,39.2,27,137,7001,47.523355,-92.536305,88101,PPB,4/26/2016 00 :00
27-137-7001,8,33.8,27,137,7001,47.523355,-92.536305,88101,PPB,4/27/2016 02 :00
27-137-7001,11,38,27,137,7001,47.523355,-92.536305,88101,PPB,4/28/2016 03 :00
27-137-7001,10,38.6,27,137,7001,47.523355,-92.536305,88101,PPB,4/29/2016 04 :00
27-137-7001,8,38.6,27,137,7001,47.523355,-92.536305,88101,PPB,4/30/2016 00 :00
27-137-7001,7,44.6,27,137,7001,47.523355,-92.536305,88101,PPB,5/1/2016 06 :00
27-137-7001,11,51.8,27,137,7001,47.523355,-92.536305,88101,PPB,5/2/2016 00 :00
27-137-7001,11,51.8,27,137,7001,47.523355,-92.536305,88101,PPB,5/3/2016 00 :00
27-137-7001,11,53.6,27,137,7001,47.523355,-92.536305,88101,PPB,5/4/2016 05 :00
27-137-7001,8,45.2,27,137,7001,47.523355,-92.536305,88101,PPB,5/5/2016 03 :00
27-137-7001,12,46.4,27,137,7001,47.523355,-92.536305,88101,PPB,5/6/2016 03 :00
27-137-7001,10,51.8,27,137,7001,47.523355,-92.536305,88101,PPB,5/7/2016 02 :00
27-137-7001,19,44,27,137,7001,47.523355,-92.536305,88101,PPB,5/8/2016 03 :00
27-137-7001,13,44,27,137,7001,47.523355,-92.536305,88101,PPB,5/9/2016 00 :00
27-137-7001,12,59,27,137,7001,47.523355,-92.536305,88101,PPB,5/10/2016 00 :00
27-137-7001,7,53,27,137,7001,47.523355,-92.536305,88101,PPB,5/11/2016 17 :00
27-137-7001,11,42.8,27,137,7001,47.523355,-92.536305,88101,PPB,5/12/2016 06 :00
27-137-7001,8,53,27,137,7001,47.523355,-92.536305,88101,PPB,5/13/2016 03 :00
27-137-7001,10,49.4,27,137,7001,47.523355,-92.536305,88101,PPB,5/14/2016 03 :00
27-137-7001,6,41,27,137,7001,47.523355,-92.536305,88101,PPB,5/15/2016 02 :00
27-137-7001,9,51.8,27,137,7001,47.523355,-92.536305,88101,PPB,5/16/2016 01 :00
27-137-7001,18,64.4,27,137,7001,47.523355,-92.536305,88101,PPB,5/17/2016 01 :00
27-137-7001,22,69.2,27,137,7001,47.523355,-92.536305,88101,PPB,5/18/2016 03 :00
27-137-7001,14,51.2,27,137,7001,47.523355,-92.536305,88101,PPB,5/19/2016 01 :00
27-137-7001,12,66.2,27,137,7001,47.523355,-92.536305,88101,PPB,5/20/2016 07 :00
27-137-7001,11,60.8,27,137,7001,47.523355,-92.536305,88101,PPB,5/21/2016 04 :00
27-137-7001,9,66.2,27,137,7001,47.523355,-92.536305,88101,PPB,5/22/2016 04 :00
27-137-7001,11,69.2,27,137,7001,47.523355,-92.536305,88101,PPB,5/23/2016 00 :00
27-137-7001,14,78.2,27,137,7001,47.523355,-92.536305,88101,PPB,5/24/2016 00 :00
27-137-7001,15,80.6,27,137,7001,47.523355,-92.536305,88101,PPB,5/25/2016 02 :00
27-137-7001,21,81.8,27,137,7001,47.523355,-92.536305,88101,PPB,5/26/2016 01 :00
27-137-7001,18,64.4,27,137,7001,47.523355,-92.536305,88101,PPB,5/27/2016 01 :00
27-137-7001,11,69.8,27,137,7001,47.523355,-92.536305,88101,PPB,5/28/2016 05 :00
27-137-7001,10,81.2,27,137,7001,47.523355,-92.536305,88101,PPB,5/29/2016 04 :00
27-137-7001,15,49.4,27,137,7001,47.523355,-92.536305,88101,PPB,5/30/2016 02 :00
27-137-7001,15,68.9,27,137,7001,47.523355,-92.536305,88101,PPB,5/31/2016 05 :00
27-137-7001,12,71,27,137,7001,47.523355,-92.536305,88101,PPB,6/1/2016 02 :00
27-137-7001,15,74,27,137,7001,47.523355,-92.536305,88101,PPB,6/2/2016 03 :00
27-137-7001,10,73.4,27,137,7001,47.523355,-92.536305,88101,PPB,6/3/2016 02 :00
27-137-7001,18,73.4,27,137,7001,47.523355,-92.536305,88101,PPB,6/4/2016 00 :00
27-137-7001,17,65,27,137,7001,47.523355,-92.536305,88101,PPB,6/5/2016 00 :00
27-137-7001,15,75.8,27,137,7001,47.523355,-92.536305,88101,PPB,6/6/2016 00 :00
27-137-7001,10,55.4,27,137,7001,47.523355,-92.536305,88101,PPB,6/7/2016 04 :00
27-137-7001,11,65.6,27,137,7001,47.523355,-92.536305,88101,PPB,6/8/2016 01 :00
27-137-7001,13,69.2,27,137,7001,47.523355,-92.536305,88101,PPB,6/9/2016 08 :00
27-137-7001,9,69.2,27,137,7001,47.523355,-92.536305,88101,PPB,6/10/2016 02 :00
27-137-7001,11,69.8,27,137,7001,47.523355,-92.536305,88101,PPB,6/11/2016 03 :00
27-137-7001,11,56,27,137,7001,47.523355,-92.536305,88101,PPB,6/12/2016 04 :00
27-137-7001,10,71,27,137,7001,47.523355,-92.536305,88101,PPB,6/13/2016 00 :00
27-137-7001,10,57.8,27,137,7001,47.523355,-92.536305,88101,PPB,6/14/2016 00 :00
27-137-7001,11,69.8,27,137,7001,47.523355,-92.536305,88101,PPB,6/15/2016 04 :00
27-137-7001,47,76.4,27,137,7001,47.523355,-92.536305,88101,PPB,6/16/2016 00 :00
27-137-7001,9,80,27,137,7001,47.523355,-92.536305,88101,PPB,6/17/2016 00 :00
27-137-7001,10,65.6,27,137,7001,47.523355,-92.536305,88101,PPB,6/18/2016 04 :00
27-137-7001,7,57.2,27,137,7001,47.523355,-92.536305,88101,PPB,6/19/2016 01 :00
27-137-7001,14,55.4,27,137,7001,47.523355,-92.536305,88101,PPB,6/20/2016 05 :00
27-137-7001,10,72.2,27,137,7001,47.523355,-92.536305,88101,PPB,6/21/2016 02 :00
27-137-7001,14,60.8,27,137,7001,47.523355,-92.536305,88101,PPB,6/22/2016 01 :00
27-137-7001,13,71,27,137,7001,47.523355,-92.536305,88101,PPB,6/23/2016 00 :00
27-137-7001,10,63.2,27,137,7001,47.523355,-92.536305,88101,PPB,6/24/2016 00 :00
27-137-7001,13,56.6,27,137,7001,47.523355,-92.536305,88101,PPB,6/25/2016 07 :00
27-137-7001,8,63.8,27,137,7001,47.523355,-92.536305,88101,PPB,6/26/2016 01 :00
27-137-7001,16,66.8,27,137,7001,47.523355,-92.536305,88101,PPB,6/27/2016 01 :00
27-137-7001,13,81.2,27,137,7001,47.523355,-92.536305,88101,PPB,6/28/2016 00 :00
27-137-7001,12,79.4,27,137,7001,47.523355,-92.536305,88101,PPB,6/29/2016 00 :00
27-137-7001,7,80,27,137,7001,47.523355,-92.536305,88101,PPB,6/30/2016 01 :00
27-137-7001,10,69.8,27,137,7001,47.523355,-92.536305,88101,PPB,7/1/2016 06 :00
27-137-7001,6,69.8,27,137,7001,47.523355,-92.536305,88101,PPB,7/2/2016 00 :00
27-137-7001,13,72.8,27,137,7001,47.523355,-92.536305,88101,PPB,7/3/2016 04 :00
27-137-7001,15,75.2,27,137,7001,47.523355,-92.536305,88101,PPB,7/4/2016 00 :00
27-137-7001,25,80.6,27,137,7001,47.523355,-92.536305,88101,PPB,7/5/2016 00 :00
27-137-7001,14,83,27,137,7001,47.523355,-92.536305,88101,PPB,7/6/2016 00 :00
27-137-7001,16,79.4,27,137,7001,47.523355,-92.536305,88101,PPB,7/7/2016 01 :00
27-137-7001,10,63.2,27,137,7001,47.523355,-92.536305,88101,PPB,7/8/2016 03 :00
27-137-7001,6,72.2,27,137,7001,47.523355,-92.536305,88101,PPB,7/9/2016 02 :00
27-137-7001,12,79.4,27,137,7001,47.523355,-92.536305,88101,PPB,7/10/2016 01 :00
27-137-7001,23,73.4,27,137,7001,47.523355,-92.536305,88101,PPB,7/11/2016 00 :00
27-137-7001,20,72.8,27,137,7001,47.523355,-92.536305,88101,PPB,7/12/2016 01 :00
27-137-7001,19,69.2,27,137,7001,47.523355,-92.536305,88101,PPB,7/13/2016 01 :00
27-137-7001,9,56,27,137,7001,47.523355,-92.536305,88101,PPB,7/14/2016 00 :00
27-137-7001,8,69.2,27,137,7001,47.523355,-92.536305,88101,PPB,7/15/2016 01 :00
27-137-7001,8,73.4,27,137,7001,47.523355,-92.536305,88101,PPB,7/16/2016 00 :00
27-137-7001,10,75.2,27,137,7001,47.523355,-92.536305,88101,PPB,7/17/2016 02 :00
27-137-7001,14,75.2,27,137,7001,47.523355,-92.536305,88101,PPB,7/18/2016 01 :00
27-137-7001,15,73.4,27,137,7001,47.523355,-92.536305,88101,PPB,7/19/2016 00 :00
27-137-7001,17,79.7,27,137,7001,47.523355,-92.536305,88101,PPB,7/20/2016 01 :00
27-137-7001,19,87.8,27,137,7001,47.523355,-92.536305,88101,PPB,7/21/2016 04 :00
27-137-7001,18,77.6,27,137,7001,47.523355,-92.536305,88101,PPB,7/22/2016 05 :00
27-137-7001,7,74,27,137,7001,47.523355,-92.536305,88101,PPB,7/23/2016 00 :00
27-137-7001,10,76.4,27,137,7001,47.523355,-92.536305,88101,PPB,7/24/2016 10 :00
27-137-7001,13,71,27,137,7001,47.523355,-92.536305,88101,PPB,7/25/2016 01 :00
27-137-7001,14,82.4,27,137,7001,47.523355,-92.536305,88101,PPB,7/26/2016 00 :00
27-137-7001,8,62.6,27,137,7001,47.523355,-92.536305,88101,PPB,7/27/2016 00 :00
27-137-7001,9,73.4,27,137,7001,47.523355,-92.536305,88101,PPB,7/28/2016 07 :00
27-137-7001,13,73.4,27,137,7001,47.523355,-92.536305,88101,PPB,7/29/2016 02 :00
27-137-7001,11,75.2,27,137,7001,47.523355,-92.536305,88101,PPB,8/5/2016 14 :00
27-137-7001,20,72.2,27,137,7001,47.523355,-92.536305,88101,PPB,8/6/2016 00 :00
27-137-7001,18,73.4,27,137,7001,47.523355,-92.536305,88101,PPB,8/7/2016 01 :00
27-137-7001,13,77.6,27,137,7001,47.523355,-92.536305,88101,PPB,8/8/2016 00 :00
27-137-7001,19,75.2,27,137,7001,47.523355,-92.536305,88101,PPB,8/9/2016 01 :00
27-137-7001,25,73.4,27,137,7001,47.523355,-92.536305,88101,PPB,8/10/2016 02 :00
27-137-7001,11,71.6,27,137,7001,47.523355,-92.536305,88101,PPB,8/11/2016 04 :00
27-137-7001,11,75.8,27,137,7001,47.523355,-92.536305,88101,PPB,8/12/2016 03 :00
27-137-7001,12,72.8,27,137,7001,47.523355,-92.536305,88101,PPB,8/13/2016 03 :00
27-137-7001,9,71.6,27,137,7001,47.523355,-92.536305,88101,PPB,8/14/2016 01 :00
27-137-7001,9,80.6,27,137,7001,47.523355,-92.536305,88101,PPB,8/15/2016 01 :00
27-137-7001,12,71,27,137,7001,47.523355,-92.536305,88101,PPB,8/16/2016 00 :00
27-137-7001,12,60.8,27,137,7001,47.523355,-92.536305,88101,PPB,8/17/2016 06 :00
27-137-7001,6,65.6,27,137,7001,47.523355,-92.536305,88101,PPB,8/18/2016 06 :00
27-137-7001,6,71,27,137,7001,47.523355,-92.536305,88101,PPB,8/19/2016 00 :00
27-137-7001,6,69.8,27,137,7001,47.523355,-92.536305,88101,PPB,8/20/2016 01 :00
27-137-7001,7,64.4,27,137,7001,47.523355,-92.536305,88101,PPB,8/21/2016 00 :00
27-137-7001,10,66.2,27,137,7001,47.523355,-92.536305,88101,PPB,8/22/2016 08 :00
27-137-7001,12,65,27,137,7001,47.523355,-92.536305,88101,PPB,8/23/2016 00 :00
27-137-7001,12,71,27,137,7001,47.523355,-92.536305,88101,PPB,8/24/2016 00 :00
27-137-7001,14,72.2,27,137,7001,47.523355,-92.536305,88101,PPB,8/25/2016 02 :00
27-137-7001,8,66.8,27,137,7001,47.523355,-92.536305,88101,PPB,8/26/2016 03 :00
27-137-7001,6,68.6,27,137,7001,47.523355,-92.536305,88101,PPB,8/27/2016 04 :00
27-137-7001,11,71.6,27,137,7001,47.523355,-92.536305,88101,PPB,8/28/2016 00 :00
27-137-7001,9,64.4,27,137,7001,47.523355,-92.536305,88101,PPB,8/29/2016 00 :00
27-137-7001,7,64.4,27,137,7001,47.523355,-92.536305,88101,PPB,8/30/2016 01 :00
27-137-7001,6,69.8,27,137,7001,47.523355,-92.536305,88101,PPB,8/31/2016 03 :00
27-137-7001,5,70.4,27,137,7001,47.523355,-92.536305,88101,PPB,9/1/2016 10 :00
27-137-7001,7,74,27,137,7001,47.523355,-92.536305,88101,PPB,9/2/2016 01 :00
27-137-7001,6,71.6,27,137,7001,47.523355,-92.536305,88101,PPB,9/3/2016 00 :00
27-137-7001,6,72.8,27,137,7001,47.523355,-92.536305,88101,PPB,9/4/2016 04 :00
27-137-7001,6,64.4,27,137,7001,47.523355,-92.536305,88101,PPB,9/5/2016 01 :00
27-137-7001,6,69.8,27,137,7001,47.523355,-92.536305,88101,PPB,9/6/2016 06 :00
27-137-7001,7,73.4,27,137,7001,47.523355,-92.536305,88101,PPB,9/7/2016 03 :00
27-137-7001,8,55.4,27,137,7001,47.523355,-92.536305,88101,PPB,9/8/2016 01 :00
27-137-7001,11,69.2,27,137,7001,47.523355,-92.536305,88101,PPB,9/9/2016 00 :00
27-137-7001,5,48.2,27,137,7001,47.523355,-92.536305,88101,PPB,9/10/2016 05 :00
27-137-7001,17,51.2,27,137,7001,47.523355,-92.536305,88101,PPB,9/11/2016 02 :00
27-137-7001,6,48.8,27,137,7001,47.523355,-92.536305,88101,PPB,9/12/2016 00 :00
27-137-7001,12,53.6,27,137,7001,47.523355,-92.536305,88101,PPB,9/13/2016 05 :00
27-137-7001,9,54.8,27,137,7001,47.523355,-92.536305,88101,PPB,9/14/2016 07 :00
27-137-7001,6,57.2,27,137,7001,47.523355,-92.536305,88101,PPB,9/15/2016 01 :00
27-137-7001,10,66.2,27,137,7001,47.523355,-92.536305,88101,PPB,9/16/2016 01 :00
27-137-7001,10,58.4,27,137,7001,47.523355,-92.536305,88101,PPB,9/17/2016 01 :00
27-137-7001,5,48.2,27,137,7001,47.523355,-92.536305,88101,PPB,9/18/2016 02 :00
27-137-7001,15,62.6,27,137,7001,47.523355,-92.536305,88101,PPB,9/19/2016 00 :00
27-137-7001,15,67.4,27,137,7001,47.523355,-92.536305,88101,PPB,9/20/2016 07 :00
27-137-7001,11,62.6,27,137,7001,47.523355,-92.536305,88101,PPB,9/21/2016 00 :00
27-137-7001,10,70.4,27,137,7001,47.523355,-92.536305,88101,PPB,9/22/2016 00 :00
27-137-7001,9,71.6,27,137,7001,47.523355,-92.536305,88101,PPB,9/23/2016 04 :00
27-137-7001,7,65.6,27,137,7001,47.523355,-92.536305,88101,PPB,9/24/2016 00 :00
27-137-7001,11,65.6,27,137,7001,47.523355,-92.536305,88101,PPB,9/25/2016 00 :00
27-137-7001,20,75.2,27,137,7001,47.523355,-92.536305,88101,PPB,9/26/2016 01 :00
27-137-7001,17,78.8,27,137,7001,47.523355,-92.536305,88101,PPB,9/27/2016 03 :00
27-137-7001,22,79.4,27,137,7001,47.523355,-92.536305,88101,PPB,9/28/2016 03 :00
27-137-7001,6,51.8,27,137,7001,47.523355,-92.536305,88101,PPB,9/29/2016 01 :00
27-137-7001,3,48.8,27,137,7001,47.523355,-92.536305,88101,PPB,9/30/2016 09 :00
27-137-7001,7,50,27,137,7001,47.523355,-92.536305,88101,PPB,10/1/2016 08 :00
27-137-7001,6,53.6,27,137,7001,47.523355,-92.536305,88101,PPB,10/2/2016 00 :00
27-137-7001,11,46.4,27,137,7001,47.523355,-92.536305,88101,PPB,10/3/2016 03 :00
27-137-7001,4,44.6,27,137,7001,47.523355,-92.536305,88101,PPB,10/4/2016 00 :00
27-137-7001,6,47,27,137,7001,47.523355,-92.536305,88101,PPB,10/5/2016 03 :00
27-137-7001,8,53,27,137,7001,47.523355,-92.536305,88101,PPB,10/6/2016 06 :00
27-137-7001,8,47.6,27,137,7001,47.523355,-92.536305,88101,PPB,10/7/2016 02 :00
27-137-7001,6,45.2,27,137,7001,47.523355,-92.536305,88101,PPB,10/8/2016 01 :00
27-137-7001,6,47.6,27,137,7001,47.523355,-92.536305,88101,PPB,10/9/2016 00 :00
27-137-7001,7,45.2,27,137,7001,47.523355,-92.536305,88101,PPB,10/10/2016 03 :00
27-137-7001,8,55.4,27,137,7001,47.523355,-92.536305,88101,PPB,10/11/2016 00 :00
27-137-7001,12,60.8,27,137,7001,47.523355,-92.536305,88101,PPB,10/12/2016 04 :00
27-137-7001,13,50.6,27,137,7001,47.523355,-92.536305,88101,PPB,10/13/2016 01 :00
27-137-7001,8,62.6,27,137,7001,47.523355,-92.536305,88101,PPB,10/14/2016 04 :00
27-137-7001,7,56.6,27,137,7001,47.523355,-92.536305,88101,PPB,10/15/2016 08 :00
27-137-7001,3,54.8,27,137,7001,47.523355,-92.536305,88101,PPB,10/16/2016 02 :00
27-137-7001,9,50,27,137,7001,47.523355,-92.536305,88101,PPB,10/17/2016 01 :00
27-137-7001,6,39.8,27,137,7001,47.523355,-92.536305,88101,PPB,10/18/2016 03 :00
27-137-7001,11,61.4,27,137,7001,47.523355,-92.536305,88101,PPB,10/19/2016 01 :00
27-137-7001,9,51.8,27,137,7001,47.523355,-92.536305,88101,PPB,10/20/2016 01 :00
27-137-7001,7,47,27,137,7001,47.523355,-92.536305,88101,PPB,10/21/2016 00 :00
27-137-7001,6,56,27,137,7001,47.523355,-92.536305,88101,PPB,10/22/2016 05 :00
27-137-7001,10,56.6,27,137,7001,47.523355,-92.536305,88101,PPB,10/23/2016 01 :00
27-137-7001,9,60.8,27,137,7001,47.523355,-92.536305,88101,PPB,10/24/2016 01 :00
27-137-7001,8,56,27,137,7001,47.523355,-92.536305,88101,PPB,10/25/2016 00 :00
27-137-7001,14,60.2,27,137,7001,47.523355,-92.536305,88101,PPB,10/26/2016 03 :00
27-137-7001,12,49.4,27,137,7001,47.523355,-92.536305,88101,PPB,10/27/2016 00 :00
27-137-7001,9,42.8,27,137,7001,47.523355,-92.536305,88101,PPB,10/28/2016 03 :00
27-137-7001,6,39.2,27,137,7001,47.523355,-92.536305,88101,PPB,10/29/2016 03 :00
27-137-7001,7,40.4,27,137,7001,47.523355,-92.536305,88101,PPB,10/30/2016 03 :00
27-137-7001,4,35,27,137,7001,47.523355,-92.536305,88101,PPB,10/31/2016 01 :00
27-137-7001,12,33.8,27,137,7001,47.523355,-92.536305,88101,PPB,4/1/2017 01 :00
27-137-7001,14,33.8,27,137,7001,47.523355,-92.536305,88101,PPB,4/2/2017 01 :00
27-137-7001,16,28.4,27,137,7001,47.523355,-92.536305,88101,PPB,4/3/2017 01 :00
27-137-7001,12,33.8,27,137,7001,47.523355,-92.536305,88101,PPB,4/4/2017 04 :00
27-137-7001,16,43.4,27,137,7001,47.523355,-92.536305,88101,PPB,4/5/2017 01 :00
27-137-7001,16,50,27,137,7001,47.523355,-92.536305,88101,PPB,4/6/2017 00 :00
27-137-7001,20,51.8,27,137,7001,47.523355,-92.536305,88101,PPB,4/7/2017 00 :00
27-137-7001,14,44.6,27,137,7001,47.523355,-92.536305,88101,PPB,4/8/2017 00 :00
27-137-7001,14,53.6,27,137,7001,47.523355,-92.536305,88101,PPB,4/9/2017 00 :00
27-137-7001,16,51.2,27,137,7001,47.523355,-92.536305,88101,PPB,4/10/2017 00 :00
27-137-7001,31,53.6,27,137,7001,47.523355,-92.536305,88101,PPB,4/11/2017 00 :00
27-137-7001,12,41,27,137,7001,47.523355,-92.536305,88101,PPB,4/12/2017 01 :00
27-137-7001,11,38.6,27,137,7001,47.523355,-92.536305,88101,PPB,4/13/2017 03 :00
27-137-7001,8,27.2,27,137,7001,47.523355,-92.536305,88101,PPB,4/14/2017 03 :00
27-137-7001,12,30.2,27,137,7001,47.523355,-92.536305,88101,PPB,4/15/2017 00 :00
27-137-7001,10,26.6,27,137,7001,47.523355,-92.536305,88101,PPB,4/16/2017 00 :00
27-137-7001,12,36.2,27,137,7001,47.523355,-92.536305,88101,PPB,4/17/2017 00 :00
27-137-7001,12,39.2,27,137,7001,47.523355,-92.536305,88101,PPB,4/18/2017 05 :00
27-137-7001,18,47,27,137,7001,47.523355,-92.536305,88101,PPB,4/19/2017 01 :00
27-137-7001,19,66.2,27,137,7001,47.523355,-92.536305,88101,PPB,4/20/2017 02 :00
27-137-7001,11,60.8,27,137,7001,47.523355,-92.536305,88101,PPB,4/21/2017 00 :00
27-137-7001,8,53.6,27,137,7001,47.523355,-92.536305,88101,PPB,4/22/2017 01 :00
27-137-7001,11,48.8,27,137,7001,47.523355,-92.536305,88101,PPB,4/23/2017 02 :00
27-137-7001,11,35.6,27,137,7001,47.523355,-92.536305,88101,PPB,4/24/2017 00 :00
27-137-7001,9,42.8,27,137,7001,47.523355,-92.536305,88101,PPB,4/25/2017 04 :00
27-137-7001,8,40.4,27,137,7001,47.523355,-92.536305,88101,PPB,4/26/2017 05 :00
27-137-7001,9,33.8,27,137,7001,47.523355,-92.536305,88101,PPB,4/27/2017 00 :00
27-137-7001,11,35.6,27,137,7001,47.523355,-92.536305,88101,PPB,4/28/2017 01 :00
27-137-7001,10,38.3,27,137,7001,47.523355,-92.536305,88101,PPB,4/29/2017 01 :00
27-137-7001,8,39.2,27,137,7001,47.523355,-92.536305,88101,PPB,4/30/2017 11 :00
27-137-7001,7,44.6,27,137,7001,47.523355,-92.536305,88101,PPB,5/1/2017 02 :00
27-137-7001,10,49.4,27,137,7001,47.523355,-92.536305,88101,PPB,5/2/2017 13 :00
27-137-7001,8,44.6,27,137,7001,47.523355,-92.536305,88101,PPB,5/3/2017 04 :00
27-137-7001,12,51.2,27,137,7001,47.523355,-92.536305,88101,PPB,5/4/2017 00 :00
27-137-7001,10,48.2,27,137,7001,47.523355,-92.536305,88101,PPB,5/5/2017 02 :00
27-137-7001,12,45.2,27,137,7001,47.523355,-92.536305,88101,PPB,5/6/2017 00 :00
27-137-7001,9,47,27,137,7001,47.523355,-92.536305,88101,PPB,5/7/2017 00 :00
27-137-7001,19,43.4,27,137,7001,47.523355,-92.536305,88101,PPB,5/8/2017 04 :00
27-137-7001,10,44.6,27,137,7001,47.523355,-92.536305,88101,PPB,5/9/2017 05 :00
27-137-7001,13,60.8,27,137,7001,47.523355,-92.536305,88101,PPB,5/10/2017 05 :00
27-137-7001,8,51.8,27,137,7001,47.523355,-92.536305,88101,PPB,5/11/2017 18 :00
27-137-7001,8,44.6,27,137,7001,47.523355,-92.536305,88101,PPB,5/12/2017 02 :00
27-137-7001,8,51.2,27,137,7001,47.523355,-92.536305,88101,PPB,5/13/2017 00 :00
27-137-7001,11,50,27,137,7001,47.523355,-92.536305,88101,PPB,5/14/2017 02 :00
27-137-7001,10,44.6,27,137,7001,47.523355,-92.536305,88101,PPB,5/15/2017 04 :00
27-137-7001,11,53.6,27,137,7001,47.523355,-92.536305,88101,PPB,5/16/2017 00 :00
27-137-7001,12,63.8,27,137,7001,47.523355,-92.536305,88101,PPB,5/17/2017 00 :00
27-137-7001,23,70.4,27,137,7001,47.523355,-92.536305,88101,PPB,5/18/2017 01 :00
27-137-7001,14,48.2,27,137,7001,47.523355,-92.536305,88101,PPB,5/19/2017 02 :00
27-137-7001,17,75.2,27,137,7001,47.523355,-92.536305,88101,PPB,5/20/2017 00 :00
27-137-7001,11,58.4,27,137,7001,47.523355,-92.536305,88101,PPB,5/21/2017 00 :00
27-137-7001,6,66.2,27,137,7001,47.523355,-92.536305,88101,PPB,5/22/2017 00 :00
27-137-7001,14,74.6,27,137,7001,47.523355,-92.536305,88101,PPB,5/23/2017 03 :00
27-137-7001,15,80.6,27,137,7001,47.523355,-92.536305,88101,PPB,5/24/2017 01 :00
27-137-7001,16,79.4,27,137,7001,47.523355,-92.536305,88101,PPB,5/25/2017 01 :00
27-137-7001,19,83,27,137,7001,47.523355,-92.536305,88101,PPB,5/26/2017 00 :00
27-137-7001,8,65,27,137,7001,47.523355,-92.536305,88101,PPB,5/27/2017 00 :00
27-137-7001,11,66.8,27,137,7001,47.523355,-92.536305,88101,PPB,5/28/2017 08 :00
27-137-7001,11,81.2,27,137,7001,47.523355,-92.536305,88101,PPB,5/29/2017 00 :00
27-137-7001,15,75.2,27,137,7001,47.523355,-92.536305,88101,PPB,5/30/2017 00 :00
27-137-7001,16,69.2,27,137,7001,47.523355,-92.536305,88101,PPB,5/31/2017 01 :00
27-137-7001,13,69.8,27,137,7001,47.523355,-92.536305,88101,PPB,6/1/2017 00 :00
27-137-7001,8,62,27,137,7001,47.523355,-92.536305,88101,PPB,6/2/2017 00 :00
27-137-7001,8,71.6,27,137,7001,47.523355,-92.536305,88101,PPB,6/3/2017 00 :00
27-137-7001,12,73.4,27,137,7001,47.523355,-92.536305,88101,PPB,6/4/2017 03 :00
27-137-7001,10,55.4,27,137,7001,47.523355,-92.536305,88101,PPB,6/5/2017 01 :00
27-137-7001,13,78.8,27,137,7001,47.523355,-92.536305,88101,PPB,6/6/2017 02 :00
27-137-7001,13,64.4,27,137,7001,47.523355,-92.536305,88101,PPB,6/7/2017 00 :00
27-137-7001,11,66.2,27,137,7001,47.523355,-92.536305,88101,PPB,6/8/2017 05 :00
27-137-7001,9,71.6,27,137,7001,47.523355,-92.536305,88101,PPB,6/9/2017 01 :00
27-137-7001,11,71.6,27,137,7001,47.523355,-92.536305,88101,PPB,6/10/2017 01 :00
27-137-7001,15,67.4,27,137,7001,47.523355,-92.536305,88101,PPB,6/11/2017 02 :00
27-137-7001,14,55.4,27,137,7001,47.523355,-92.536305,88101,PPB,6/12/2017 00 :00
27-137-7001,12,70.4,27,137,7001,47.523355,-92.536305,88101,PPB,6/13/2017 01 :00
27-137-7001,9,48.8,27,137,7001,47.523355,-92.536305,88101,PPB,6/14/2017 04 :00
27-137-7001,14,64.4,27,137,7001,47.523355,-92.536305,88101,PPB,6/15/2017 03 :00
27-137-7001,26,75.2,27,137,7001,47.523355,-92.536305,88101,PPB,6/16/2017 04 :00
27-137-7001,8,75.2,27,137,7001,47.523355,-92.536305,88101,PPB,6/17/2017 11 :00
27-137-7001,10,65,27,137,7001,47.523355,-92.536305,88101,PPB,6/18/2017 03 :00
27-137-7001,13,55.4,27,137,7001,47.523355,-92.536305,88101,PPB,6/19/2017 03 :00
27-137-7001,14,53.6,27,137,7001,47.523355,-92.536305,88101,PPB,6/20/2017 00 :00
27-137-7001,11,71.6,27,137,7001,47.523355,-92.536305,88101,PPB,6/21/2017 04 :00
27-137-7001,12,60.2,27,137,7001,47.523355,-92.536305,88101,PPB,6/22/2017 04 :00
27-137-7001,10,80,27,137,7001,47.523355,-92.536305,88101,PPB,6/23/2017 09 :00
27-137-7001,12,57.2,27,137,7001,47.523355,-92.536305,88101,PPB,6/24/2017 02 :00
27-137-7001,8,55.4,27,137,7001,47.523355,-92.536305,88101,PPB,6/25/2017 00 :00
27-137-7001,11,60.2,27,137,7001,47.523355,-92.536305,88101,PPB,6/26/2017 00 :00
27-137-7001,15,63.2,27,137,7001,47.523355,-92.536305,88101,PPB,6/27/2017 00 :00
27-137-7001,14,81.2,27,137,7001,47.523355,-92.536305,88101,PPB,6/28/2017 06 :00
27-137-7001,8,79.4,27,137,7001,47.523355,-92.536305,88101,PPB,6/29/2017 11 :00
27-137-7001,7,80.6,27,137,7001,47.523355,-92.536305,88101,PPB,6/30/2017 00 :00
27-137-7001,11,69.8,27,137,7001,47.523355,-92.536305,88101,PPB,7/1/2017 00 :00
27-137-7001,12,69.8,27,137,7001,47.523355,-92.536305,88101,PPB,7/2/2017 02 :00
27-137-7001,12,71.6,27,137,7001,47.523355,-92.536305,88101,PPB,7/3/2017 00 :00
27-137-7001,15,74,27,137,7001,47.523355,-92.536305,88101,PPB,7/4/2017 03 :00
27-137-7001,16,78.8,27,137,7001,47.523355,-92.536305,88101,PPB,7/5/2017 05 :00
27-137-7001,11,83,27,137,7001,47.523355,-92.536305,88101,PPB,7/6/2017 04 :00
27-137-7001,14,80.6,27,137,7001,47.523355,-92.536305,88101,PPB,7/7/2017 00 :00
27-137-7001,12,66.8,27,137,7001,47.523355,-92.536305,88101,PPB,7/8/2017 00 :00
27-137-7001,8,71.6,27,137,7001,47.523355,-92.536305,88101,PPB,7/9/2017 00 :00
27-137-7001,11,76.4,27,137,7001,47.523355,-92.536305,88101,PPB,7/10/2017 00 :00
27-137-7001,23,71.6,27,137,7001,47.523355,-92.536305,88101,PPB,7/11/2017 06 :00
27-137-7001,15,72.8,27,137,7001,47.523355,-92.536305,88101,PPB,7/12/2017 00 :00
27-137-7001,18,69.8,27,137,7001,47.523355,-92.536305,88101,PPB,7/13/2017 05 :00
27-137-7001,8,56.6,27,137,7001,47.523355,-92.536305,88101,PPB,7/14/2017 02 :00
27-137-7001,8,69.8,27,137,7001,47.523355,-92.536305,88101,PPB,7/15/2017 09 :00
27-137-7001,10,71.6,27,137,7001,47.523355,-92.536305,88101,PPB,7/16/2017 05 :00
27-137-7001,13,74,27,137,7001,47.523355,-92.536305,88101,PPB,7/17/2017 01 :00
27-137-7001,15,75.2,27,137,7001,47.523355,-92.536305,88101,PPB,7/18/2017 08 :00
27-137-7001,17,74,27,137,7001,47.523355,-92.536305,88101,PPB,7/19/2017 03 :00
27-137-7001,16,77,27,137,7001,47.523355,-92.536305,88101,PPB,7/20/2017 03 :00
27-137-7001,27,87.8,27,137,7001,47.523355,-92.536305,88101,PPB,7/21/2017 01 :00
27-137-7001,18,77.6,27,137,7001,47.523355,-92.536305,88101,PPB,7/22/2017 01 :00
27-137-7001,11,71,27,137,7001,47.523355,-92.536305,88101,PPB,7/23/2017 05 :00
27-137-7001,8,72.8,27,137,7001,47.523355,-92.536305,88101,PPB,7/24/2017 00 :00
27-137-7001,13,69.8,27,137,7001,47.523355,-92.536305,88101,PPB,7/25/2017 02 :00
27-137-7001,18,84.2,27,137,7001,47.523355,-92.536305,88101,PPB,7/26/2017 02 :00
27-137-7001,9,62.6,27,137,7001,47.523355,-92.536305,88101,PPB,7/27/2017 01 :00
27-137-7001,10,72.2,27,137,7001,47.523355,-92.536305,88101,PPB,7/28/2017 00 :00
27-137-7001,13,75.2,27,137,7001,47.523355,-92.536305,88101,PPB,7/29/2017 00 :00
27-137-7001,14,76.4,27,137,7001,47.523355,-92.536305,88101,PPB,8/5/2017 16 :00
27-137-7001,23,73.4,27,137,7001,47.523355,-92.536305,88101,PPB,8/6/2017 05 :00
27-137-7001,16,73.4,27,137,7001,47.523355,-92.536305,88101,PPB,8/7/2017 00 :00
27-137-7001,16,80.6,27,137,7001,47.523355,-92.536305,88101,PPB,8/8/2017 05 :00
27-137-7001,19,75.2,27,137,7001,47.523355,-92.536305,88101,PPB,8/9/2017 05 :00
27-137-7001,21,70.4,27,137,7001,47.523355,-92.536305,88101,PPB,8/10/2017 01 :00
27-137-7001,18,73.4,27,137,7001,47.523355,-92.536305,88101,PPB,8/11/2017 00 :00
27-137-7001,9,75.2,27,137,7001,47.523355,-92.536305,88101,PPB,8/12/2017 00 :00
27-137-7001,10,72.2,27,137,7001,47.523355,-92.536305,88101,PPB,8/13/2017 00 :00
27-137-7001,6,71.6,27,137,7001,47.523355,-92.536305,88101,PPB,8/14/2017 03 :00
27-137-7001,10,79.4,27,137,7001,47.523355,-92.536305,88101,PPB,8/15/2017 00 :00
27-137-7001,15,71.6,27,137,7001,47.523355,-92.536305,88101,PPB,8/16/2017 01 :00
27-137-7001,16,60.8,27,137,7001,47.523355,-92.536305,88101,PPB,8/17/2017 02 :00
27-137-7001,7,68.6,27,137,7001,47.523355,-92.536305,88101,PPB,8/18/2017 04 :00
27-137-7001,6,71.6,27,137,7001,47.523355,-92.536305,88101,PPB,8/19/2017 02 :00
27-137-7001,8,69.8,27,137,7001,47.523355,-92.536305,88101,PPB,8/20/2017 00 :00
27-137-7001,6,62.6,27,137,7001,47.523355,-92.536305,88101,PPB,8/21/2017 01 :00
27-137-7001,12,67.4,27,137,7001,47.523355,-92.536305,88101,PPB,8/22/2017 01 :00
27-137-7001,9,64.4,27,137,7001,47.523355,-92.536305,88101,PPB,8/23/2017 04 :00
27-137-7001,14,71,27,137,7001,47.523355,-92.536305,88101,PPB,8/24/2017 01 :00
27-137-7001,15,73.4,27,137,7001,47.523355,-92.536305,88101,PPB,8/25/2017 00 :00
27-137-7001,6,65,27,137,7001,47.523355,-92.536305,88101,PPB,8/26/2017 01 :00
27-137-7001,7,66.8,27,137,7001,47.523355,-92.536305,88101,PPB,8/27/2017 00 :00
27-137-7001,12,71.6,27,137,7001,47.523355,-92.536305,88101,PPB,8/28/2017 02 :00
27-137-7001,4,62.6,27,137,7001,47.523355,-92.536305,88101,PPB,8/29/2017 01 :00
27-137-7001,7,66.2,27,137,7001,47.523355,-92.536305,88101,PPB,8/30/2017 00 :00
27-137-7001,5,66.8,27,137,7001,47.523355,-92.536305,88101,PPB,8/31/2017 02 :00
27-137-7001,6,70.4,27,137,7001,47.523355,-92.536305,88101,PPB,9/1/2017 02 :00
27-137-7001,7,72.8,27,137,7001,47.523355,-92.536305,88101,PPB,9/2/2017 00 :00
27-137-7001,5,73.4,27,137,7001,47.523355,-92.536305,88101,PPB,9/3/2017 01 :00
27-137-7001,6,74.6,27,137,7001,47.523355,-92.536305,88101,PPB,9/4/2017 00 :00
27-137-7001,6,64.4,27,137,7001,47.523355,-92.536305,88101,PPB,9/5/2017 05 :00
27-137-7001,13,69.8,27,137,7001,47.523355,-92.536305,88101,PPB,9/6/2017 00 :00
27-137-7001,7,75.2,27,137,7001,47.523355,-92.536305,88101,PPB,9/7/2017 00 :00
27-137-7001,8,72.2,27,137,7001,47.523355,-92.536305,88101,PPB,9/8/2017 00 :00
27-137-7001,12,72.2,27,137,7001,47.523355,-92.536305,88101,PPB,9/9/2017 02 :00
27-137-7001,5,53.6,27,137,7001,47.523355,-92.536305,88101,PPB,9/10/2017 00 :00
27-137-7001,6,51.8,27,137,7001,47.523355,-92.536305,88101,PPB,9/11/2017 00 :00
27-137-7001,6,47.6,27,137,7001,47.523355,-92.536305,88101,PPB,9/12/2017 01 :00
27-137-7001,11,54.8,27,137,7001,47.523355,-92.536305,88101,PPB,9/13/2017 04 :00
27-137-7001,14,57.8,27,137,7001,47.523355,-92.536305,88101,PPB,9/14/2017 02 :00
27-137-7001,6,56.6,27,137,7001,47.523355,-92.536305,88101,PPB,9/15/2017 05 :00
27-137-7001,8,66.8,27,137,7001,47.523355,-92.536305,88101,PPB,9/16/2017 00 :00
27-137-7001,8,69.2,27,137,7001,47.523355,-92.536305,88101,PPB,9/17/2017 00 :00
27-137-7001,6,48.8,27,137,7001,47.523355,-92.536305,88101,PPB,9/18/2017 01 :00
27-137-7001,12,62.6,27,137,7001,47.523355,-92.536305,88101,PPB,9/19/2017 01 :00
27-137-7001,11,66.2,27,137,7001,47.523355,-92.536305,88101,PPB,9/20/2017 00 :00
27-137-7001,6,54.2,27,137,7001,47.523355,-92.536305,88101,PPB,9/21/2017 04 :00
27-137-7001,8,71,27,137,7001,47.523355,-92.536305,88101,PPB,9/22/2017 03 :00
27-137-7001,10,71.6,27,137,7001,47.523355,-92.536305,88101,PPB,9/23/2017 00 :00
27-137-7001,8,66.2,27,137,7001,47.523355,-92.536305,88101,PPB,9/24/2017 06 :00
27-137-7001,15,63.2,27,137,7001,47.523355,-92.536305,88101,PPB,9/25/2017 03 :00
27-137-7001,14,73.4,27,137,7001,47.523355,-92.536305,88101,PPB,9/26/2017 00 :00
27-137-7001,16,75.8,27,137,7001,47.523355,-92.536305,88101,PPB,9/27/2017 00 :00
27-137-7001,23,78.8,27,137,7001,47.523355,-92.536305,88101,PPB,9/28/2017 10 :00
27-137-7001,5,48.2,27,137,7001,47.523355,-92.536305,88101,PPB,9/29/2017 03 :00
27-137-7001,5,46.4,27,137,7001,47.523355,-92.536305,88101,PPB,9/30/2017 00 :00
27-137-7001,9,51.8,27,137,7001,47.523355,-92.536305,88101,PPB,10/1/2017 00 :00
27-137-7001,9,57.2,27,137,7001,47.523355,-92.536305,88101,PPB,10/2/2017 03 :00
27-137-7001,7,45.2,27,137,7001,47.523355,-92.536305,88101,PPB,10/3/2017 06 :00
27-137-7001,5,44.6,27,137,7001,47.523355,-92.536305,88101,PPB,10/4/2017 02 :00
27-137-7001,5,48.2,27,137,7001,47.523355,-92.536305,88101,PPB,10/5/2017 00 :00
27-137-7001,11,53.6,27,137,7001,47.523355,-92.536305,88101,PPB,10/6/2017 00 :00
27-137-7001,10,47,27,137,7001,47.523355,-92.536305,88101,PPB,10/7/2017 01 :00
27-137-7001,5,49.4,27,137,7001,47.523355,-92.536305,88101,PPB,10/8/2017 00 :00
27-137-7001,7,48.2,27,137,7001,47.523355,-92.536305,88101,PPB,10/9/2017 03 :00
27-137-7001,7,44,27,137,7001,47.523355,-92.536305,88101,PPB,10/10/2017 04 :00
27-137-7001,10,55.4,27,137,7001,47.523355,-92.536305,88101,PPB,10/11/2017 04 :00
27-137-7001,10,60.8,27,137,7001,47.523355,-92.536305,88101,PPB,10/12/2017 03 :00
27-137-7001,17,48.8,27,137,7001,47.523355,-92.536305,88101,PPB,10/13/2017 05 :00
27-137-7001,9,60.8,27,137,7001,47.523355,-92.536305,88101,PPB,10/14/2017 02 :00
27-137-7001,7,57.2,27,137,7001,47.523355,-92.536305,88101,PPB,10/15/2017 01 :00
27-137-7001,7,46.4,27,137,7001,47.523355,-92.536305,88101,PPB,10/16/2017 00 :00
27-137-7001,9,49.4,27,137,7001,47.523355,-92.536305,88101,PPB,10/17/2017 05 :00
27-137-7001,6,47,27,137,7001,47.523355,-92.536305,88101,PPB,10/18/2017 01 :00
27-137-7001,10,62.6,27,137,7001,47.523355,-92.536305,88101,PPB,10/19/2017 03 :00
27-137-7001,8,48.2,27,137,7001,47.523355,-92.536305,88101,PPB,10/20/2017 04 :00
27-137-7001,6,47.6,27,137,7001,47.523355,-92.536305,88101,PPB,10/21/2017 04 :00
27-137-7001,7,51.2,27,137,7001,47.523355,-92.536305,88101,PPB,10/22/2017 01 :00
27-137-7001,7,56.6,27,137,7001,47.523355,-92.536305,88101,PPB,10/23/2017 03 :00
27-137-7001,11,67.4,27,137,7001,47.523355,-92.536305,88101,PPB,10/24/2017 02 :00
27-137-7001,10,57.8,27,137,7001,47.523355,-92.536305,88101,PPB,10/25/2017 09 :00
27-137-7001,13,53.6,27,137,7001,47.523355,-92.536305,88101,PPB,10/26/2017 00 :00
27-137-7001,10,51.8,27,137,7001,47.523355,-92.536305,88101,PPB,10/27/2017 06 :00
27-137-7001,5,42.8,27,137,7001,47.523355,-92.536305,88101,PPB,10/28/2017 06 :00
27-137-7001,5,40.4,27,137,7001,47.523355,-92.536305,88101,PPB,10/29/2017 04 :00
27-137-7001,6,41,27,137,7001,47.523355,-92.536305,88101,PPB,10/30/2017 04 :00
27-137-7001,6,37.4,27,137,7001,47.523355,-92.536305,88101,PPB,10/31/2017 00 :00
27-137-7001,14,33.8,27,137,7001,47.523355,-92.536305,88101,PPB,4/1/2018 00 :00
27-137-7001,21,37.4,27,137,7001,47.523355,-92.536305,88101,PPB,4/2/2018 00 :00
27-137-7001,11,30.2,27,137,7001,47.523355,-92.536305,88101,PPB,4/3/2018 00 :00
27-137-7001,13,37.4,27,137,7001,47.523355,-92.536305,88101,PPB,4/4/2018 03 :00
27-137-7001,14,42.8,27,137,7001,47.523355,-92.536305,88101,PPB,4/5/2018 00 :00
27-137-7001,13,39.2,27,137,7001,47.523355,-92.536305,88101,PPB,4/6/2018 01 :00
27-137-7001,15,50,27,137,7001,47.523355,-92.536305,88101,PPB,4/7/2018 01 :00
27-137-7001,14,44.6,27,137,7001,47.523355,-92.536305,88101,PPB,4/8/2018 02 :00
27-137-7001,9,55.4,27,137,7001,47.523355,-92.536305,88101,PPB,4/9/2018 06 :00
27-137-7001,17,51.8,27,137,7001,47.523355,-92.536305,88101,PPB,4/10/2018 01 :00
27-137-7001,12,51.2,27,137,7001,47.523355,-92.536305,88101,PPB,4/11/2018 01 :00
27-137-7001,9,33.8,27,137,7001,47.523355,-92.536305,88101,PPB,4/12/2018 10 :00
27-137-7001,11,36.8,27,137,7001,47.523355,-92.536305,88101,PPB,4/13/2018 00 :00
27-137-7001,8,28.4,27,137,7001,47.523355,-92.536305,88101,PPB,4/14/2018 00 :00
27-137-7001,8,30.2,27,137,7001,47.523355,-92.536305,88101,PPB,4/15/2018 02 :00
27-137-7001,12,26.6,27,137,7001,47.523355,-92.536305,88101,PPB,4/16/2018 05 :00
27-137-7001,9,37.4,27,137,7001,47.523355,-92.536305,88101,PPB,4/17/2018 03 :00
27-137-7001,11,39.2,27,137,7001,47.523355,-92.536305,88101,PPB,4/18/2018 01 :00
27-137-7001,10,44.6,27,137,7001,47.523355,-92.536305,88101,PPB,4/19/2018 00 :00
27-137-7001,22,66.2,27,137,7001,47.523355,-92.536305,88101,PPB,4/20/2018 01 :00
27-137-7001,13,60.2,27,137,7001,47.523355,-92.536305,88101,PPB,4/21/2018 01 :00
27-137-7001,11,52.4,27,137,7001,47.523355,-92.536305,88101,PPB,4/22/2018 00 :00
27-137-7001,15,48.2,27,137,7001,47.523355,-92.536305,88101,PPB,4/23/2018 01 :00
27-137-7001,9,35.6,27,137,7001,47.523355,-92.536305,88101,PPB,4/24/2018 01 :00
27-137-7001,8,42.8,27,137,7001,47.523355,-92.536305,88101,PPB,4/25/2018 02 :00
27-137-7001,9,41,27,137,7001,47.523355,-92.536305,88101,PPB,4/26/2018 01 :00
27-137-7001,9,33.8,27,137,7001,47.523355,-92.536305,88101,PPB,4/27/2018 03 :00
27-137-7001,9,37.4,27,137,7001,47.523355,-92.536305,88101,PPB,4/28/2018 00 :00
27-137-7001,9,39.2,27,137,7001,47.523355,-92.536305,88101,PPB,4/29/2018 00 :00
27-137-7001,8,39.2,27,137,7001,47.523355,-92.536305,88101,PPB,4/30/2018 03 :00
27-137-7001,9,44.6,27,137,7001,47.523355,-92.536305,88101,PPB,5/1/2018 00 :00
27-137-7001,10,51.8,27,137,7001,47.523355,-92.536305,88101,PPB,5/2/2018 04 :00
27-137-7001,9,51.8,27,137,7001,47.523355,-92.536305,88101,PPB,5/3/2018 02 :00
27-137-7001,12,53.6,27,137,7001,47.523355,-92.536305,88101,PPB,5/4/2018 01 :00
27-137-7001,10,47,27,137,7001,47.523355,-92.536305,88101,PPB,5/5/2018 00 :00
27-137-7001,12,44.6,27,137,7001,47.523355,-92.536305,88101,PPB,5/6/2018 02 :00
27-137-7001,12,54.8,27,137,7001,47.523355,-92.536305,88101,PPB,5/7/2018 06 :00
27-137-7001,18,45.2,27,137,7001,47.523355,-92.536305,88101,PPB,5/8/2018 00 :00
27-137-7001,11,45.2,27,137,7001,47.523355,-92.536305,88101,PPB,5/9/2018 08 :00
27-137-7001,8,48.8,27,137,7001,47.523355,-92.536305,88101,PPB,5/10/2018 01 :00
27-137-7001,8,53.6,27,137,7001,47.523355,-92.536305,88101,PPB,5/11/2018 16 :00
27-137-7001,10,46.4,27,137,7001,47.523355,-92.536305,88101,PPB,5/12/2018 00 :00
27-137-7001,8,52.4,27,137,7001,47.523355,-92.536305,88101,PPB,5/13/2018 01 :00
27-137-7001,10,48.8,27,137,7001,47.523355,-92.536305,88101,PPB,5/14/2018 00 :00
27-137-7001,7,45.2,27,137,7001,47.523355,-92.536305,88101,PPB,5/15/2018 00 :00
27-137-7001,10,52.4,27,137,7001,47.523355,-92.536305,88101,PPB,5/16/2018 04 :00
27-137-7001,15,64.4,27,137,7001,47.523355,-92.536305,88101,PPB,5/17/2018 02 :00
27-137-7001,20,71.6,27,137,7001,47.523355,-92.536305,88101,PPB,5/18/2018 00 :00
27-137-7001,16,55.4,27,137,7001,47.523355,-92.536305,88101,PPB,5/19/2018 00 :00
27-137-7001,22,75.2,27,137,7001,47.523355,-92.536305,88101,PPB,5/20/2018 04 :00
27-137-7001,10,59.6,27,137,7001,47.523355,-92.536305,88101,PPB,5/21/2018 09 :00
27-137-7001,10,66.2,27,137,7001,47.523355,-92.536305,88101,PPB,5/22/2018 01 :00
27-137-7001,11,72.2,27,137,7001,47.523355,-92.536305,88101,PPB,5/23/2018 02 :00
27-137-7001,15,82.4,27,137,7001,47.523355,-92.536305,88101,PPB,5/24/2018 02 :00
27-137-7001,15,80,27,137,7001,47.523355,-92.536305,88101,PPB,5/25/2018 00 :00
27-137-7001,19,83.6,27,137,7001,47.523355,-92.536305,88101,PPB,5/26/2018 03 :00
27-137-7001,15,64.4,27,137,7001,47.523355,-92.536305,88101,PPB,5/27/2018 04 :00
27-137-7001,10,62,27,137,7001,47.523355,-92.536305,88101,PPB,5/28/2018 00 :00
27-137-7001,13,77,27,137,7001,47.523355,-92.536305,88101,PPB,5/29/2018 07 :00
27-137-7001,21,75.2,27,137,7001,47.523355,-92.536305,88101,PPB,5/30/2018 01 :00
27-137-7001,18,66.8,27,137,7001,47.523355,-92.536305,88101,PPB,5/31/2018 00 :00
27-137-7001,10,73.4,27,137,7001,47.523355,-92.536305,88101,PPB,6/1/2018 05 :00
27-137-7001,10,75.2,27,137,7001,47.523355,-92.536305,88101,PPB,6/2/2018 02 :00
27-137-7001,10,73.4,27,137,7001,47.523355,-92.536305,88101,PPB,6/3/2018 01 :00
27-137-7001,12,72.2,27,137,7001,47.523355,-92.536305,88101,PPB,6/4/2018 01 :00
27-137-7001,7,65,27,137,7001,47.523355,-92.536305,88101,PPB,6/5/2018 09 :00
27-137-7001,32,79.4,27,137,7001,47.523355,-92.536305,88101,PPB,6/6/2018 03 :00
27-137-7001,10,64.4,27,137,7001,47.523355,-92.536305,88101,PPB,6/7/2018 02 :00
27-137-7001,11,62.6,27,137,7001,47.523355,-92.536305,88101,PPB,6/8/2018 00 :00
27-137-7001,10,71,27,137,7001,47.523355,-92.536305,88101,PPB,6/9/2018 00 :00
27-137-7001,13,71.6,27,137,7001,47.523355,-92.536305,88101,PPB,6/10/2018 00 :00
27-137-7001,14,68.6,27,137,7001,47.523355,-92.536305,88101,PPB,6/11/2018 00 :00
27-137-7001,13,55.4,27,137,7001,47.523355,-92.536305,88101,PPB,6/12/2018 01 :00
27-137-7001,11,71,27,137,7001,47.523355,-92.536305,88101,PPB,6/13/2018 04 :00
27-137-7001,12,57.2,27,137,7001,47.523355,-92.536305,88101,PPB,6/14/2018 01 :00
27-137-7001,12,69.8,27,137,7001,47.523355,-92.536305,88101,PPB,6/15/2018 00 :00
27-137-7001,19,74.6,27,137,7001,47.523355,-92.536305,88101,PPB,6/16/2018 01 :00
27-137-7001,9,78.8,27,137,7001,47.523355,-92.536305,88101,PPB,6/17/2018 02 :00
27-137-7001,14,65.6,27,137,7001,47.523355,-92.536305,88101,PPB,6/18/2018 00 :00
27-137-7001,14,54.8,27,137,7001,47.523355,-92.536305,88101,PPB,6/19/2018 00 :00
27-137-7001,15,54.2,27,137,7001,47.523355,-92.536305,88101,PPB,6/20/2018 01 :00
27-137-7001,10,70.4,27,137,7001,47.523355,-92.536305,88101,PPB,6/21/2018 00 :00
27-137-7001,7,62.6,27,137,7001,47.523355,-92.536305,88101,PPB,6/22/2018 00 :00
27-137-7001,11,78.2,27,137,7001,47.523355,-92.536305,88101,PPB,6/23/2018 02 :00
27-137-7001,11,60.8,27,137,7001,47.523355,-92.536305,88101,PPB,6/24/2018 01 :00
27-137-7001,10,55.4,27,137,7001,47.523355,-92.536305,88101,PPB,6/25/2018 04 :00
27-137-7001,9,57.2,27,137,7001,47.523355,-92.536305,88101,PPB,6/26/2018 03 :00
27-137-7001,14,66.2,27,137,7001,47.523355,-92.536305,88101,PPB,6/27/2018 07 :00
27-137-7001,15,81.2,27,137,7001,47.523355,-92.536305,88101,PPB,6/28/2018 01 :00
27-137-7001,11,79.4,27,137,7001,47.523355,-92.536305,88101,PPB,6/29/2018 01 :00
27-137-7001,8,80.6,27,137,7001,47.523355,-92.536305,88101,PPB,6/30/2018 02 :00
27-137-7001,10,69.8,27,137,7001,47.523355,-92.536305,88101,PPB,7/1/2018 01 :00
27-137-7001,6,69.8,27,137,7001,47.523355,-92.536305,88101,PPB,7/2/2018 01 :00
27-137-7001,13,71,27,137,7001,47.523355,-92.536305,88101,PPB,7/3/2018 01 :00
27-137-7001,17,75.2,27,137,7001,47.523355,-92.536305,88101,PPB,7/4/2018 02 :00
27-137-7001,16,80,27,137,7001,47.523355,-92.536305,88101,PPB,7/5/2018 04 :00
27-137-7001,14,83,27,137,7001,47.523355,-92.536305,88101,PPB,7/6/2018 02 :00
27-137-7001,15,78.8,27,137,7001,47.523355,-92.536305,88101,PPB,7/7/2018 05 :00
27-137-7001,9,65.6,27,137,7001,47.523355,-92.536305,88101,PPB,7/8/2018 01 :00
27-137-7001,6,71.6,27,137,7001,47.523355,-92.536305,88101,PPB,7/9/2018 07 :00
27-137-7001,19,78.8,27,137,7001,47.523355,-92.536305,88101,PPB,7/10/2018 04 :00
27-137-7001,24,73.4,27,137,7001,47.523355,-92.536305,88101,PPB,7/11/2018 02 :00
27-137-7001,12,71.6,27,137,7001,47.523355,-92.536305,88101,PPB,7/12/2018 11 :00
27-137-7001,21,69.2,27,137,7001,47.523355,-92.536305,88101,PPB,7/13/2018 00 :00
27-137-7001,12,58.4,27,137,7001,47.523355,-92.536305,88101,PPB,7/14/2018 05 :00
27-137-7001,8,69.2,27,137,7001,47.523355,-92.536305,88101,PPB,7/15/2018 00 :00
27-137-7001,8,71.6,27,137,7001,47.523355,-92.536305,88101,PPB,7/16/2018 01 :00
27-137-7001,12,74.6,27,137,7001,47.523355,-92.536305,88101,PPB,7/17/2018 00 :00
27-137-7001,11,75.2,27,137,7001,47.523355,-92.536305,88101,PPB,7/18/2018 00 :00
27-137-7001,16,72.8,27,137,7001,47.523355,-92.536305,88101,PPB,7/19/2018 04 :00
27-137-7001,16,83,27,137,7001,47.523355,-92.536305,88101,PPB,7/20/2018 00 :00
27-137-7001,19,86.6,27,137,7001,47.523355,-92.536305,88101,PPB,7/21/2018 00 :00
27-137-7001,23,79.4,27,137,7001,47.523355,-92.536305,88101,PPB,7/22/2018 00 :00
27-137-7001,11,73.4,27,137,7001,47.523355,-92.536305,88101,PPB,7/23/2018 02 :00
27-137-7001,11,74,27,137,7001,47.523355,-92.536305,88101,PPB,7/24/2018 01 :00
27-137-7001,14,70.4,27,137,7001,47.523355,-92.536305,88101,PPB,7/25/2018 00 :00
27-137-7001,21,84.2,27,137,7001,47.523355,-92.536305,88101,PPB,7/26/2018 01 :00
27-137-7001,10,60.8,27,137,7001,47.523355,-92.536305,88101,PPB,7/27/2018 03 :00
27-137-7001,8,73.4,27,137,7001,47.523355,-92.536305,88101,PPB,7/28/2018 01 :00
27-137-7001,11,75.2,27,137,7001,47.523355,-92.536305,88101,PPB,7/29/2018 01 :00
27-137-7001,10,77,27,137,7001,47.523355,-92.536305,88101,PPB,8/5/2018 17 :00
27-137-7001,17,73.4,27,137,7001,47.523355,-92.536305,88101,PPB,8/6/2018 01 :00
27-137-7001,16,74.6,27,137,7001,47.523355,-92.536305,88101,PPB,8/7/2018 03 :00
27-137-7001,15,78.8,27,137,7001,47.523355,-92.536305,88101,PPB,8/8/2018 02 :00
27-137-7001,18,76.4,27,137,7001,47.523355,-92.536305,88101,PPB,8/9/2018 00 :00
27-137-7001,21,71.6,27,137,7001,47.523355,-92.536305,88101,PPB,8/10/2018 00 :00
27-137-7001,9,72.8,27,137,7001,47.523355,-92.536305,88101,PPB,8/11/2018 02 :00
27-137-7001,7,75.2,27,137,7001,47.523355,-92.536305,88101,PPB,8/12/2018 01 :00
27-137-7001,12,73.4,27,137,7001,47.523355,-92.536305,88101,PPB,8/13/2018 01 :00
27-137-7001,8,72.2,27,137,7001,47.523355,-92.536305,88101,PPB,8/14/2018 00 :00
27-137-7001,10,81.8,27,137,7001,47.523355,-92.536305,88101,PPB,8/15/2018 02 :00
27-137-7001,13,71.6,27,137,7001,47.523355,-92.536305,88101,PPB,8/16/2018 02 :00
27-137-7001,16,60.8,27,137,7001,47.523355,-92.536305,88101,PPB,8/17/2018 00 :00
27-137-7001,12,69.8,27,137,7001,47.523355,-92.536305,88101,PPB,8/18/2018 00 :00
27-137-7001,4,71,27,137,7001,47.523355,-92.536305,88101,PPB,8/19/2018 01 :00
27-137-7001,5,69.8,27,137,7001,47.523355,-92.536305,88101,PPB,8/20/2018 06 :00
27-137-7001,5,66.2,27,137,7001,47.523355,-92.536305,88101,PPB,8/21/2018 06 :00
27-137-7001,10,66.2,27,137,7001,47.523355,-92.536305,88101,PPB,8/22/2018 00 :00
27-137-7001,13,64.4,27,137,7001,47.523355,-92.536305,88101,PPB,8/23/2018 01 :00
27-137-7001,15,70.4,27,137,7001,47.523355,-92.536305,88101,PPB,8/24/2018 03 :00
27-137-7001,16,70.4,27,137,7001,47.523355,-92.536305,88101,PPB,8/25/2018 05 :00
27-137-7001,5,66.2,27,137,7001,47.523355,-92.536305,88101,PPB,8/26/2018 00 :00
27-137-7001,5,69.8,27,137,7001,47.523355,-92.536305,88101,PPB,8/27/2018 05 :00
27-137-7001,11,70.4,27,137,7001,47.523355,-92.536305,88101,PPB,8/28/2018 01 :00
27-137-7001,7,64.4,27,137,7001,47.523355,-92.536305,88101,PPB,8/29/2018 09 :00
27-137-7001,7,63.2,27,137,7001,47.523355,-92.536305,88101,PPB,8/30/2018 03 :00
27-137-7001,5,69.2,27,137,7001,47.523355,-92.536305,88101,PPB,8/31/2018 00 :00
27-137-7001,6,70.4,27,137,7001,47.523355,-92.536305,88101,PPB,9/1/2018 00 :00
27-137-7001,8,73.4,27,137,7001,47.523355,-92.536305,88101,PPB,9/2/2018 09 :00
27-137-7001,4,68.6,27,137,7001,47.523355,-92.536305,88101,PPB,9/3/2018 02 :00
27-137-7001,5,74.6,27,137,7001,47.523355,-92.536305,88101,PPB,9/4/2018 02 :00
27-137-7001,1,62.6,27,137,7001,47.523355,-92.536305,88101,PPB,9/5/2018 00 :00
27-137-7001,7,70.4,27,137,7001,47.523355,-92.536305,88101,PPB,9/6/2018 03 :00
27-137-7001,9,75.2,27,137,7001,47.523355,-92.536305,88101,PPB,9/7/2018 01 :00
27-137-7001,9,71.6,27,137,7001,47.523355,-92.536305,88101,PPB,9/8/2018 02 :00
27-137-7001,11,70.4,27,137,7001,47.523355,-92.536305,88101,PPB,9/9/2018 01 :00
27-137-7001,5,51.2,27,137,7001,47.523355,-92.536305,88101,PPB,9/10/2018 01 :00
27-137-7001,5,51.2,27,137,7001,47.523355,-92.536305,88101,PPB,9/11/2018 01 :00
27-137-7001,9,48.2,27,137,7001,47.523355,-92.536305,88101,PPB,9/12/2018 02 :00
27-137-7001,7,54.2,27,137,7001,47.523355,-92.536305,88101,PPB,9/13/2018 00 :00
27-137-7001,6,57.2,27,137,7001,47.523355,-92.536305,88101,PPB,9/14/2018 00 :00
27-137-7001,6,56,27,137,7001,47.523355,-92.536305,88101,PPB,9/15/2018 00 :00
27-137-7001,8,66.8,27,137,7001,47.523355,-92.536305,88101,PPB,9/16/2018 03 :00
27-137-7001,8,64.4,27,137,7001,47.523355,-92.536305,88101,PPB,9/17/2018 06 :00
27-137-7001,6,48.2,27,137,7001,47.523355,-92.536305,88101,PPB,9/18/2018 00 :00
27-137-7001,13,62.6,27,137,7001,47.523355,-92.536305,88101,PPB,9/19/2018 02 :00
27-137-7001,12,66.8,27,137,7001,47.523355,-92.536305,88101,PPB,9/20/2018 03 :00
27-137-7001,7,62.6,27,137,7001,47.523355,-92.536305,88101,PPB,9/21/2018 01 :00
27-137-7001,7,69.8,27,137,7001,47.523355,-92.536305,88101,PPB,9/22/2018 01 :00
27-137-7001,13,69.8,27,137,7001,47.523355,-92.536305,88101,PPB,9/23/2018 01 :00
27-137-7001,9,66.2,27,137,7001,47.523355,-92.536305,88101,PPB,9/24/2018 03 :00
27-137-7001,15,65,27,137,7001,47.523355,-92.536305,88101,PPB,9/25/2018 01 :00
27-137-7001,15,74.6,27,137,7001,47.523355,-92.536305,88101,PPB,9/26/2018 03 :00
27-137-7001,16,79.4,27,137,7001,47.523355,-92.536305,88101,PPB,9/27/2018 01 :00
27-137-7001,21,78.8,27,137,7001,47.523355,-92.536305,88101,PPB,9/28/2018 00 :00
27-137-7001,5,53,27,137,7001,47.523355,-92.536305,88101,PPB,9/29/2018 00 :00
27-137-7001,3,48.2,27,137,7001,47.523355,-92.536305,88101,PPB,9/30/2018 02 :00
27-137-7001,8,51.8,27,137,7001,47.523355,-92.536305,88101,PPB,10/1/2018 01 :00
27-137-7001,14,55.4,27,137,7001,47.523355,-92.536305,88101,PPB,10/2/2018 01 :00
27-137-7001,9,50,27,137,7001,47.523355,-92.536305,88101,PPB,10/3/2018 00 :00
27-137-7001,4,43.4,27,137,7001,47.523355,-92.536305,88101,PPB,10/4/2018 01 :00
27-137-7001,4,47.6,27,137,7001,47.523355,-92.536305,88101,PPB,10/5/2018 10 :00
27-137-7001,10,53,27,137,7001,47.523355,-92.536305,88101,PPB,10/6/2018 05 :00
27-137-7001,7,45.8,27,137,7001,47.523355,-92.536305,88101,PPB,10/7/2018 00 :00
27-137-7001,4,48.2,27,137,7001,47.523355,-92.536305,88101,PPB,10/8/2018 06 :00
27-137-7001,6,38.6,27,137,7001,47.523355,-92.536305,88101,PPB,10/9/2018 02 :00
27-137-7001,8,45.2,27,137,7001,47.523355,-92.536305,88101,PPB,10/10/2018 00 :00
27-137-7001,11,47.6,27,137,7001,47.523355,-92.536305,88101,PPB,10/11/2018 01 :00
27-137-7001,10,60.8,27,137,7001,47.523355,-92.536305,88101,PPB,10/12/2018 00 :00
27-137-7001,14,51.8,27,137,7001,47.523355,-92.536305,88101,PPB,10/13/2018 00 :00
27-137-7001,10,59.6,27,137,7001,47.523355,-92.536305,88101,PPB,10/14/2018 01 :00
27-137-7001,8,57.2,27,137,7001,47.523355,-92.536305,88101,PPB,10/15/2018 00 :00
27-137-7001,6,55.4,27,137,7001,47.523355,-92.536305,88101,PPB,10/16/2018 09 :00
27-137-7001,6,51.2,27,137,7001,47.523355,-92.536305,88101,PPB,10/17/2018 00 :00
27-137-7001,5,48.2,27,137,7001,47.523355,-92.536305,88101,PPB,10/18/2018 00 :00
27-137-7001,17,62.6,27,137,7001,47.523355,-92.536305,88101,PPB,10/19/2018 00 :00
27-137-7001,9,50.6,27,137,7001,47.523355,-92.536305,88101,PPB,10/20/2018 00 :00
27-137-7001,7,45.8,27,137,7001,47.523355,-92.536305,88101,PPB,10/21/2018 01 :00
27-137-7001,6,56,27,137,7001,47.523355,-92.536305,88101,PPB,10/22/2018 00 :00
27-137-7001,11,57.2,27,137,7001,47.523355,-92.536305,88101,PPB,10/23/2018 00 :00
27-137-7001,14,66.8,27,137,7001,47.523355,-92.536305,88101,PPB,10/24/2018 00 :00
27-137-7001,7,57.8,27,137,7001,47.523355,-92.536305,88101,PPB,10/25/2018 01 :00
27-137-7001,15,59.6,27,137,7001,47.523355,-92.536305,88101,PPB,10/26/2018 04 :00
27-137-7001,9,51.8,27,137,7001,47.523355,-92.536305,88101,PPB,10/27/2018 03 :00
27-137-7001,10,44.6,27,137,7001,47.523355,-92.536305,88101,PPB,10/28/2018 00 :00
27-137-7001,7,39.2,27,137,7001,47.523355,-92.536305,88101,PPB,10/29/2018 00 :00
27-137-7001,7,41,27,137,7001,47.523355,-92.536305,88101,PPB,10/30/2018 00 :00
27-137-7001,5,37.4,27,137,7001,47.523355,-92.536305,88101,PPB,10/31/2018 02 :00
27-137-7554,12,33.8,27,137,7554,46.743657,-92.165998,88101,PPB,4/1/2016 01 :00
27-137-7554,9,35.6,27,137,7554,46.743657,-92.165998,88101,PPB,4/2/2016 00 :00
27-137-7554,4,28.4,27,137,7554,46.743657,-92.165998,88101,PPB,4/3/2016 03 :00
27-137-7554,5,37.4,27,137,7554,46.743657,-92.165998,88101,PPB,4/4/2016 02 :00
27-137-7554,9,42.8,27,137,7554,46.743657,-92.165998,88101,PPB,4/5/2016 02 :00
27-137-7554,7,41.6,27,137,7554,46.743657,-92.165998,88101,PPB,4/6/2016 00 :00
27-137-7554,30,51.8,27,137,7554,46.743657,-92.165998,88101,PPB,4/7/2016 06 :00
27-137-7554,6,44.6,27,137,7554,46.743657,-92.165998,88101,PPB,4/8/2016 00 :00
27-137-7554,9,53.6,27,137,7554,46.743657,-92.165998,88101,PPB,4/9/2016 06 :00
27-137-7554,4,51.8,27,137,7554,46.743657,-92.165998,88101,PPB,4/10/2016 05 :00
27-137-7554,6,54.8,27,137,7554,46.743657,-92.165998,88101,PPB,4/11/2016 02 :00
27-137-7554,6,39.8,27,137,7554,46.743657,-92.165998,88101,PPB,4/12/2016 02 :00
27-137-7554,12,38.6,27,137,7554,46.743657,-92.165998,88101,PPB,4/13/2016 00 :00
27-137-7554,4,28.4,27,137,7554,46.743657,-92.165998,88101,PPB,4/14/2016 01 :00
27-137-7554,6,30.2,27,137,7554,46.743657,-92.165998,88101,PPB,4/15/2016 01 :00
27-137-7554,4,26.6,27,137,7554,46.743657,-92.165998,88101,PPB,4/16/2016 05 :00
27-137-7554,7,36.2,27,137,7554,46.743657,-92.165998,88101,PPB,4/17/2016 03 :00
27-137-7554,7,37.4,27,137,7554,46.743657,-92.165998,88101,PPB,4/18/2016 00 :00
27-137-7554,7,44.6,27,137,7554,46.743657,-92.165998,88101,PPB,4/19/2016 01 :00
27-137-7554,17,66.2,27,137,7554,46.743657,-92.165998,88101,PPB,4/20/2016 00 :00
27-137-7554,2,47,27,137,7554,46.743657,-92.165998,88101,PPB,4/21/2016 01 :00
27-137-7554,6,53.6,27,137,7554,46.743657,-92.165998,88101,PPB,4/22/2016 00 :00
27-137-7554,15,48.2,27,137,7554,46.743657,-92.165998,88101,PPB,4/23/2016 02 :00
27-137-7554,3,35.6,27,137,7554,46.743657,-92.165998,88101,PPB,4/24/2016 01 :00
27-137-7554,4,42.8,27,137,7554,46.743657,-92.165998,88101,PPB,4/25/2016 02 :00
27-137-7554,4,37.4,27,137,7554,46.743657,-92.165998,88101,PPB,4/26/2016 01 :00
27-137-7554,6,33.8,27,137,7554,46.743657,-92.165998,88101,PPB,4/27/2016 02 :00
27-137-7554,6,38,27,137,7554,46.743657,-92.165998,88101,PPB,4/28/2016 00 :00
27-137-7554,4,39.2,27,137,7554,46.743657,-92.165998,88101,PPB,4/29/2016 05 :00
27-137-7554,7,38.6,27,137,7554,46.743657,-92.165998,88101,PPB,4/30/2016 04 :00
27-137-7554,3,43.4,27,137,7554,46.743657,-92.165998,88101,PPB,5/1/2016 07 :00
27-137-7554,4,51.2,27,137,7554,46.743657,-92.165998,88101,PPB,5/2/2016 09 :00
27-137-7554,2,51.8,27,137,7554,46.743657,-92.165998,88101,PPB,5/3/2016 00 :00
27-137-7554,7,53.6,27,137,7554,46.743657,-92.165998,88101,PPB,5/4/2016 03 :00
27-137-7554,4,46.4,27,137,7554,46.743657,-92.165998,88101,PPB,5/5/2016 05 :00
27-137-7554,6,45.8,27,137,7554,46.743657,-92.165998,88101,PPB,5/6/2016 01 :00
27-137-7554,6,50.6,27,137,7554,46.743657,-92.165998,88101,PPB,5/7/2016 01 :00
27-137-7554,10,44.6,27,137,7554,46.743657,-92.165998,88101,PPB,5/8/2016 00 :00
27-137-7554,6,44,27,137,7554,46.743657,-92.165998,88101,PPB,5/9/2016 03 :00
27-137-7554,2,37.4,27,137,7554,46.743657,-92.165998,88101,PPB,5/10/2016 02 :00
27-137-7554,3,48.2,27,137,7554,46.743657,-92.165998,88101,PPB,5/11/2016 20 :00
27-137-7554,2,44,27,137,7554,46.743657,-92.165998,88101,PPB,5/12/2016 03 :00
27-137-7554,1,53,27,137,7554,46.743657,-92.165998,88101,PPB,5/13/2016 03 :00
27-137-7554,6,50,27,137,7554,46.743657,-92.165998,88101,PPB,5/14/2016 04 :00
27-137-7554,3,42.8,27,137,7554,46.743657,-92.165998,88101,PPB,5/15/2016 03 :00
27-137-7554,5,51.8,27,137,7554,46.743657,-92.165998,88101,PPB,5/16/2016 00 :00
27-137-7554,12,64.4,27,137,7554,46.743657,-92.165998,88101,PPB,5/17/2016 00 :00
27-137-7554,17,69.2,27,137,7554,46.743657,-92.165998,88101,PPB,5/18/2016 02 :00
27-137-7554,22,51.2,27,137,7554,46.743657,-92.165998,88101,PPB,5/19/2016 05 :00
27-137-7554,22,75.2,27,137,7554,46.743657,-92.165998,88101,PPB,5/20/2016 04 :00
27-137-7554,5,58.4,27,137,7554,46.743657,-92.165998,88101,PPB,5/21/2016 05 :00
27-137-7554,5,58.4,27,137,7554,46.743657,-92.165998,88101,PPB,5/22/2016 02 :00
27-137-7554,12,74,27,137,7554,46.743657,-92.165998,88101,PPB,5/23/2016 00 :00
27-137-7554,20,80.6,27,137,7554,46.743657,-92.165998,88101,PPB,5/24/2016 01 :00
27-137-7554,61,80,27,137,7554,46.743657,-92.165998,88101,PPB,5/25/2016 00 :00
27-137-7554,33,83,27,137,7554,46.743657,-92.165998,88101,PPB,5/26/2016 02 :00
27-137-7554,17,65,27,137,7554,46.743657,-92.165998,88101,PPB,5/27/2016 00 :00
27-137-7554,8,58.4,27,137,7554,46.743657,-92.165998,88101,PPB,5/28/2016 00 :00
27-137-7554,11,74.6,27,137,7554,46.743657,-92.165998,88101,PPB,5/29/2016 02 :00
27-137-7554,4,71,27,137,7554,46.743657,-92.165998,88101,PPB,5/30/2016 00 :00
27-137-7554,15,65.6,27,137,7554,46.743657,-92.165998,88101,PPB,5/31/2016 00 :00
27-137-7554,11,73.4,27,137,7554,46.743657,-92.165998,88101,PPB,6/1/2016 00 :00
27-137-7554,7,72.2,27,137,7554,46.743657,-92.165998,88101,PPB,6/2/2016 02 :00
27-137-7554,7,73.4,27,137,7554,46.743657,-92.165998,88101,PPB,6/3/2016 02 :00
27-137-7554,7,65.6,27,137,7554,46.743657,-92.165998,88101,PPB,6/4/2016 01 :00
27-137-7554,11,60.2,27,137,7554,46.743657,-92.165998,88101,PPB,6/5/2016 02 :00
27-137-7554,13,78.8,27,137,7554,46.743657,-92.165998,88101,PPB,6/6/2016 03 :00
27-137-7554,9,64.4,27,137,7554,46.743657,-92.165998,88101,PPB,6/7/2016 01 :00
27-137-7554,5,66.2,27,137,7554,46.743657,-92.165998,88101,PPB,6/8/2016 00 :00
27-137-7554,17,70.4,27,137,7554,46.743657,-92.165998,88101,PPB,6/9/2016 01 :00
27-137-7554,10,69.8,27,137,7554,46.743657,-92.165998,88101,PPB,6/10/2016 00 :00
27-137-7554,7,55.4,27,137,7554,46.743657,-92.165998,88101,PPB,6/11/2016 00 :00
27-137-7554,11,56,27,137,7554,46.743657,-92.165998,88101,PPB,6/12/2016 02 :00
27-137-7554,11,71,27,137,7554,46.743657,-92.165998,88101,PPB,6/13/2016 01 :00
27-137-7554,25,57.2,27,137,7554,46.743657,-92.165998,88101,PPB,6/14/2016 01 :00
27-137-7554,17,69.8,27,137,7554,46.743657,-92.165998,88101,PPB,6/15/2016 00 :00
27-137-7554,8,75.2,27,137,7554,46.743657,-92.165998,88101,PPB,6/16/2016 03 :00
27-137-7554,19,80,27,137,7554,46.743657,-92.165998,88101,PPB,6/17/2016 08 :00
27-137-7554,8,62.6,27,137,7554,46.743657,-92.165998,88101,PPB,6/18/2016 02 :00
27-137-7554,21,57.2,27,137,7554,46.743657,-92.165998,88101,PPB,6/19/2016 00 :00
27-137-7554,10,54.2,27,137,7554,46.743657,-92.165998,88101,PPB,6/20/2016 00 :00
27-137-7554,12,72.2,27,137,7554,46.743657,-92.165998,88101,PPB,6/21/2016 00 :00
27-137-7554,6,60.8,27,137,7554,46.743657,-92.165998,88101,PPB,6/22/2016 00 :00
27-137-7554,25,80,27,137,7554,46.743657,-92.165998,88101,PPB,6/23/2016 01 :00
27-137-7554,16,57.2,27,137,7554,46.743657,-92.165998,88101,PPB,6/24/2016 06 :00
27-137-7554,10,56.6,27,137,7554,46.743657,-92.165998,88101,PPB,6/25/2016 00 :00
27-137-7554,8,63.8,27,137,7554,46.743657,-92.165998,88101,PPB,6/26/2016 01 :00
27-137-7554,19,66.2,27,137,7554,46.743657,-92.165998,88101,PPB,6/27/2016 01 :00
27-137-7554,19,81.2,27,137,7554,46.743657,-92.165998,88101,PPB,6/28/2016 00 :00
27-137-7554,13,79.4,27,137,7554,46.743657,-92.165998,88101,PPB,6/29/2016 06 :00
27-137-7554,7,80.6,27,137,7554,46.743657,-92.165998,88101,PPB,6/30/2016 02 :00
27-137-7554,3,66.2,27,137,7554,46.743657,-92.165998,88101,PPB,7/1/2016 01 :00
27-137-7554,2,62,27,137,7554,46.743657,-92.165998,88101,PPB,7/2/2016 02 :00
27-137-7554,6,71.6,27,137,7554,46.743657,-92.165998,88101,PPB,7/3/2016 00 :00
27-137-7554,23,74.6,27,137,7554,46.743657,-92.165998,88101,PPB,7/4/2016 03 :00
27-137-7554,55,78.8,27,137,7554,46.743657,-92.165998,88101,PPB,7/5/2016 04 :00
27-137-7554,12,83,27,137,7554,46.743657,-92.165998,88101,PPB,7/6/2016 00 :00
27-137-7554,15,80.6,27,137,7554,46.743657,-92.165998,88101,PPB,7/7/2016 01 :00
27-137-7554,7,64.4,27,137,7554,46.743657,-92.165998,88101,PPB,7/8/2016 00 :00
27-137-7554,17,71.6,27,137,7554,46.743657,-92.165998,88101,PPB,7/9/2016 01 :00
27-137-7554,32,79.4,27,137,7554,46.743657,-92.165998,88101,PPB,7/10/2016 02 :00
27-137-7554,36,73.4,27,137,7554,46.743657,-92.165998,88101,PPB,7/11/2016 00 :00
27-137-7554,10,72.2,27,137,7554,46.743657,-92.165998,88101,PPB,7/12/2016 01 :00
27-137-7554,12,69.8,27,137,7554,46.743657,-92.165998,88101,PPB,7/13/2016 00 :00
27-137-7554,9,56.6,27,137,7554,46.743657,-92.165998,88101,PPB,7/14/2016 01 :00
27-137-7554,8,69.8,27,137,7554,46.743657,-92.165998,88101,PPB,7/15/2016 00 :00
27-137-7554,12,70.4,27,137,7554,46.743657,-92.165998,88101,PPB,7/16/2016 02 :00
27-137-7554,11,74,27,137,7554,46.743657,-92.165998,88101,PPB,7/17/2016 01 :00
27-137-7554,25,75.2,27,137,7554,46.743657,-92.165998,88101,PPB,7/18/2016 00 :00
27-137-7554,29,74,27,137,7554,46.743657,-92.165998,88101,PPB,7/19/2016 01 :00
27-137-7554,22,82.4,27,137,7554,46.743657,-92.165998,88101,PPB,7/20/2016 03 :00
27-137-7554,19,80.6,27,137,7554,46.743657,-92.165998,88101,PPB,7/21/2016 00 :00
27-137-7554,15,75.8,27,137,7554,46.743657,-92.165998,88101,PPB,7/22/2016 04 :00
27-137-7554,20,74,27,137,7554,46.743657,-92.165998,88101,PPB,7/23/2016 05 :00
27-137-7554,36,74,27,137,7554,46.743657,-92.165998,88101,PPB,7/24/2016 09 :00
27-137-7554,17,69.8,27,137,7554,46.743657,-92.165998,88101,PPB,7/25/2016 01 :00
27-137-7554,16,84.2,27,137,7554,46.743657,-92.165998,88101,PPB,7/26/2016 01 :00
27-137-7554,10,62.6,27,137,7554,46.743657,-92.165998,88101,PPB,7/27/2016 03 :00
27-137-7554,6,73.4,27,137,7554,46.743657,-92.165998,88101,PPB,7/28/2016 09 :00
27-137-7554,12,75.2,27,137,7554,46.743657,-92.165998,88101,PPB,7/29/2016 02 :00
27-137-7554,15,78.8,27,137,7554,46.743657,-92.165998,88101,PPB,7/30/2016 00 :00
27-137-7554,22,78.8,27,137,7554,46.743657,-92.165998,88101,PPB,7/31/2016 07 :00
27-137-7554,30,74,27,137,7554,46.743657,-92.165998,88101,PPB,8/1/2016 04 :00
27-137-7554,19,80,27,137,7554,46.743657,-92.165998,88101,PPB,8/2/2016 00 :00
27-137-7554,23,73.4,27,137,7554,46.743657,-92.165998,88101,PPB,8/3/2016 00 :00
27-137-7554,22,71.6,27,137,7554,46.743657,-92.165998,88101,PPB,8/4/2016 00 :00
27-137-7554,23,75.2,27,137,7554,46.743657,-92.165998,88101,PPB,8/5/2016 05 :00
27-137-7554,24,71.6,27,137,7554,46.743657,-92.165998,88101,PPB,8/6/2016 01 :00
27-137-7554,23,74.6,27,137,7554,46.743657,-92.165998,88101,PPB,8/7/2016 00 :00
27-137-7554,25,80.6,27,137,7554,46.743657,-92.165998,88101,PPB,8/8/2016 02 :00
27-137-7554,32,75.2,27,137,7554,46.743657,-92.165998,88101,PPB,8/9/2016 09 :00
27-137-7554,30,69.8,27,137,7554,46.743657,-92.165998,88101,PPB,8/10/2016 01 :00
27-137-7554,16,73.4,27,137,7554,46.743657,-92.165998,88101,PPB,8/11/2016 06 :00
27-137-7554,10,75.2,27,137,7554,46.743657,-92.165998,88101,PPB,8/12/2016 00 :00
27-137-7554,18,72.2,27,137,7554,46.743657,-92.165998,88101,PPB,8/13/2016 06 :00
27-137-7554,14,72.2,27,137,7554,46.743657,-92.165998,88101,PPB,8/14/2016 02 :00
27-137-7554,0,62.6,27,137,7554,46.743657,-92.165998,88101,PPB,8/21/2016 19 :00
27-137-7554,14,67.4,27,137,7554,46.743657,-92.165998,88101,PPB,8/22/2016 03 :00
27-137-7554,15,64.4,27,137,7554,46.743657,-92.165998,88101,PPB,8/23/2016 00 :00
27-137-7554,21,71,27,137,7554,46.743657,-92.165998,88101,PPB,8/24/2016 00 :00
27-137-7554,18,72.8,27,137,7554,46.743657,-92.165998,88101,PPB,8/25/2016 01 :00
27-137-7554,7,66.2,27,137,7554,46.743657,-92.165998,88101,PPB,8/26/2016 03 :00
27-137-7554,13,66.8,27,137,7554,46.743657,-92.165998,88101,PPB,8/27/2016 00 :00
27-137-7554,14,71.6,27,137,7554,46.743657,-92.165998,88101,PPB,8/28/2016 00 :00
27-137-7554,11,64.4,27,137,7554,46.743657,-92.165998,88101,PPB,8/29/2016 07 :00
27-137-7554,18,66.2,27,137,7554,46.743657,-92.165998,88101,PPB,8/30/2016 03 :00
27-137-7554,12,69.2,27,137,7554,46.743657,-92.165998,88101,PPB,8/31/2016 00 :00
27-137-7554,11,70.4,27,137,7554,46.743657,-92.165998,88101,PPB,9/1/2016 04 :00
27-137-7554,9,74,27,137,7554,46.743657,-92.165998,88101,PPB,9/2/2016 02 :00
27-137-7554,9,69.2,27,137,7554,46.743657,-92.165998,88101,PPB,9/3/2016 03 :00
27-137-7554,9,74.6,27,137,7554,46.743657,-92.165998,88101,PPB,9/4/2016 00 :00
27-137-7554,10,64.4,27,137,7554,46.743657,-92.165998,88101,PPB,9/5/2016 01 :00
27-137-7554,13,70.4,27,137,7554,46.743657,-92.165998,88101,PPB,9/6/2016 01 :00
27-137-7554,24,73.4,27,137,7554,46.743657,-92.165998,88101,PPB,9/7/2016 01 :00
27-137-7554,13,72.2,27,137,7554,46.743657,-92.165998,88101,PPB,9/8/2016 00 :00
27-137-7554,17,72.2,27,137,7554,46.743657,-92.165998,88101,PPB,9/9/2016 00 :00
27-137-7554,16,53.6,27,137,7554,46.743657,-92.165998,88101,PPB,9/10/2016 00 :00
27-137-7554,6,49.4,27,137,7554,46.743657,-92.165998,88101,PPB,9/11/2016 02 :00
27-137-7554,7,48.2,27,137,7554,46.743657,-92.165998,88101,PPB,9/12/2016 06 :00
27-137-7554,10,41,27,137,7554,46.743657,-92.165998,88101,PPB,9/13/2016 04 :00
27-137-7554,9,57.2,27,137,7554,46.743657,-92.165998,88101,PPB,9/14/2016 00 :00
27-137-7554,12,56.6,27,137,7554,46.743657,-92.165998,88101,PPB,9/15/2016 03 :00
27-137-7554,12,66.2,27,137,7554,46.743657,-92.165998,88101,PPB,9/16/2016 00 :00
27-137-7554,13,53,27,137,7554,46.743657,-92.165998,88101,PPB,9/17/2016 01 :00
27-137-7554,8,48.8,27,137,7554,46.743657,-92.165998,88101,PPB,9/18/2016 01 :00
27-137-7554,13,62.6,27,137,7554,46.743657,-92.165998,88101,PPB,9/19/2016 00 :00
27-137-7554,20,60.8,27,137,7554,46.743657,-92.165998,88101,PPB,9/20/2016 02 :00
27-137-7554,15,62.6,27,137,7554,46.743657,-92.165998,88101,PPB,9/21/2016 00 :00
27-137-7554,14,69.8,27,137,7554,46.743657,-92.165998,88101,PPB,9/22/2016 00 :00
27-137-7554,13,71.6,27,137,7554,46.743657,-92.165998,88101,PPB,9/23/2016 02 :00
27-137-7554,17,66.2,27,137,7554,46.743657,-92.165998,88101,PPB,9/24/2016 00 :00
27-137-7554,17,65.6,27,137,7554,46.743657,-92.165998,88101,PPB,9/25/2016 07 :00
27-137-7554,19,73.4,27,137,7554,46.743657,-92.165998,88101,PPB,9/26/2016 00 :00
27-137-7554,33,78.8,27,137,7554,46.743657,-92.165998,88101,PPB,9/27/2016 01 :00
27-137-7554,39,78.8,27,137,7554,46.743657,-92.165998,88101,PPB,9/28/2016 01 :00
27-137-7554,23,53,27,137,7554,46.743657,-92.165998,88101,PPB,9/29/2016 00 :00
27-137-7554,5,48.2,27,137,7554,46.743657,-92.165998,88101,PPB,9/30/2016 00 :00
27-137-7554,29,51.8,27,137,7554,46.743657,-92.165998,88101,PPB,10/1/2016 01 :00
27-137-7554,12,53.6,27,137,7554,46.743657,-92.165998,88101,PPB,10/2/2016 03 :00
27-137-7554,9,50,27,137,7554,46.743657,-92.165998,88101,PPB,10/3/2016 00 :00
27-137-7554,4,44.6,27,137,7554,46.743657,-92.165998,88101,PPB,10/4/2016 02 :00
27-137-7554,6,48.2,27,137,7554,46.743657,-92.165998,88101,PPB,10/5/2016 10 :00
27-137-7554,12,53,27,137,7554,46.743657,-92.165998,88101,PPB,10/6/2016 02 :00
27-137-7554,7,42.8,27,137,7554,46.743657,-92.165998,88101,PPB,10/7/2016 03 :00
27-137-7554,15,45.2,27,137,7554,46.743657,-92.165998,88101,PPB,10/8/2016 00 :00
27-137-7554,6,48.2,27,137,7554,46.743657,-92.165998,88101,PPB,10/9/2016 06 :00
27-137-7554,14,48.2,27,137,7554,46.743657,-92.165998,88101,PPB,10/13/2016 18 :00
27-137-7554,6,62.6,27,137,7554,46.743657,-92.165998,88101,PPB,10/14/2016 06 :00
27-137-7554,9,56.6,27,137,7554,46.743657,-92.165998,88101,PPB,10/15/2016 02 :00
27-137-7554,7,54.8,27,137,7554,46.743657,-92.165998,88101,PPB,10/16/2016 01 :00
27-137-7554,7,48.2,27,137,7554,46.743657,-92.165998,88101,PPB,10/17/2016 03 :00
27-137-7554,2,47,27,137,7554,46.743657,-92.165998,88101,PPB,10/18/2016 00 :00
27-137-7554,11,62.6,27,137,7554,46.743657,-92.165998,88101,PPB,10/19/2016 00 :00
27-137-7554,8,48.2,27,137,7554,46.743657,-92.165998,88101,PPB,10/20/2016 02 :00
27-137-7554,3,44.6,27,137,7554,46.743657,-92.165998,88101,PPB,10/21/2016 02 :00
27-137-7554,6,56,27,137,7554,46.743657,-92.165998,88101,PPB,10/22/2016 02 :00
27-137-7554,9,57.2,27,137,7554,46.743657,-92.165998,88101,PPB,10/23/2016 00 :00
27-137-7554,10,66.8,27,137,7554,46.743657,-92.165998,88101,PPB,10/24/2016 00 :00
27-137-7554,11,56,27,137,7554,46.743657,-92.165998,88101,PPB,10/25/2016 00 :00
27-137-7554,8,56,27,137,7554,46.743657,-92.165998,88101,PPB,10/26/2016 06 :00
27-137-7554,18,50.6,27,137,7554,46.743657,-92.165998,88101,PPB,10/27/2016 00 :00
27-137-7554,7,42.8,27,137,7554,46.743657,-92.165998,88101,PPB,10/28/2016 08 :00
27-137-7554,3,39.2,27,137,7554,46.743657,-92.165998,88101,PPB,10/29/2016 00 :00
27-137-7554,6,41,27,137,7554,46.743657,-92.165998,88101,PPB,10/30/2016 01 :00
27-137-7554,3,37.4,27,137,7554,46.743657,-92.165998,88101,PPB,10/31/2016 02 :00
27-137-7554,23,30.2,27,137,7554,46.743657,-92.165998,88101,PPB,4/1/2017 03 :00
27-137-7554,11,37.4,27,137,7554,46.743657,-92.165998,88101,PPB,4/2/2017 01 :00
27-137-7554,5,30.2,27,137,7554,46.743657,-92.165998,88101,PPB,4/3/2017 00 :00
27-137-7554,5,37.4,27,137,7554,46.743657,-92.165998,88101,PPB,4/4/2017 00 :00
27-137-7554,11,43.4,27,137,7554,46.743657,-92.165998,88101,PPB,4/5/2017 00 :00
27-137-7554,8,49.4,27,137,7554,46.743657,-92.165998,88101,PPB,4/6/2017 05 :00
27-137-7554,25,50,27,137,7554,46.743657,-92.165998,88101,PPB,4/7/2017 00 :00
27-137-7554,5,44.6,27,137,7554,46.743657,-92.165998,88101,PPB,4/8/2017 03 :00
27-137-7554,8,54.8,27,137,7554,46.743657,-92.165998,88101,PPB,4/9/2017 02 :00
27-137-7554,4,50,27,137,7554,46.743657,-92.165998,88101,PPB,4/10/2017 01 :00
27-137-7554,7,51.8,27,137,7554,46.743657,-92.165998,88101,PPB,4/11/2017 00 :00
27-137-7554,19,41,27,137,7554,46.743657,-92.165998,88101,PPB,4/12/2017 01 :00
27-137-7554,6,37.4,27,137,7554,46.743657,-92.165998,88101,PPB,4/13/2017 03 :00
27-137-7554,3,26.6,27,137,7554,46.743657,-92.165998,88101,PPB,4/14/2017 03 :00
27-137-7554,10,30.2,27,137,7554,46.743657,-92.165998,88101,PPB,4/15/2017 07 :00
27-137-7554,7,26.6,27,137,7554,46.743657,-92.165998,88101,PPB,4/16/2017 00 :00
27-137-7554,8,37.4,27,137,7554,46.743657,-92.165998,88101,PPB,4/17/2017 00 :00
27-137-7554,20,39.2,27,137,7554,46.743657,-92.165998,88101,PPB,4/18/2017 01 :00
27-137-7554,13,48.2,27,137,7554,46.743657,-92.165998,88101,PPB,4/19/2017 00 :00
27-137-7554,17,66.2,27,137,7554,46.743657,-92.165998,88101,PPB,4/20/2017 01 :00
27-137-7554,13,60.8,27,137,7554,46.743657,-92.165998,88101,PPB,4/21/2017 02 :00
27-137-7554,8,51.2,27,137,7554,46.743657,-92.165998,88101,PPB,4/22/2017 01 :00
27-137-7554,23,45.8,27,137,7554,46.743657,-92.165998,88101,PPB,4/23/2017 01 :00
27-137-7554,5,35.6,27,137,7554,46.743657,-92.165998,88101,PPB,4/24/2017 03 :00
27-137-7554,5,42.8,27,137,7554,46.743657,-92.165998,88101,PPB,4/25/2017 00 :00
27-137-7554,4,39.8,27,137,7554,46.743657,-92.165998,88101,PPB,4/26/2017 03 :00
27-137-7554,7,33.8,27,137,7554,46.743657,-92.165998,88101,PPB,4/27/2017 01 :00
27-137-7554,5,35.6,27,137,7554,46.743657,-92.165998,88101,PPB,4/28/2017 01 :00
27-137-7554,2,38.3,27,137,7554,46.743657,-92.165998,88101,PPB,4/29/2017 02 :00
27-137-7554,2,39.2,27,137,7554,46.743657,-92.165998,88101,PPB,4/30/2017 03 :00
27-137-7554,3,44.6,27,137,7554,46.743657,-92.165998,88101,PPB,5/1/2017 00 :00
27-137-7554,10,51.8,27,137,7554,46.743657,-92.165998,88101,PPB,5/2/2017 00 :00
27-137-7554,5,51.8,27,137,7554,46.743657,-92.165998,88101,PPB,5/3/2017 01 :00
27-137-7554,2,51.2,27,137,7554,46.743657,-92.165998,88101,PPB,5/4/2017 04 :00
27-137-7554,5,48.2,27,137,7554,46.743657,-92.165998,88101,PPB,5/5/2017 00 :00
27-137-7554,6,46.4,27,137,7554,46.743657,-92.165998,88101,PPB,5/6/2017 08 :00
27-137-7554,5,54.8,27,137,7554,46.743657,-92.165998,88101,PPB,5/7/2017 00 :00
27-137-7554,14,45.2,27,137,7554,46.743657,-92.165998,88101,PPB,5/8/2017 02 :00
27-137-7554,7,45.2,27,137,7554,46.743657,-92.165998,88101,PPB,5/9/2017 05 :00
27-137-7554,8,60.8,27,137,7554,46.743657,-92.165998,88101,PPB,5/10/2017 03 :00
27-137-7554,4,44.6,27,137,7554,46.743657,-92.165998,88101,PPB,5/12/2017 02 :00
27-137-7554,2,53,27,137,7554,46.743657,-92.165998,88101,PPB,5/13/2017 01 :00
27-137-7554,4,45.2,27,137,7554,46.743657,-92.165998,88101,PPB,5/14/2017 00 :00
27-137-7554,6,45.2,27,137,7554,46.743657,-92.165998,88101,PPB,5/15/2017 00 :00
27-137-7554,4,53.6,27,137,7554,46.743657,-92.165998,88101,PPB,5/16/2017 02 :00
27-137-7554,10,63.2,27,137,7554,46.743657,-92.165998,88101,PPB,5/17/2017 01 :00
27-137-7554,24,71.6,27,137,7554,46.743657,-92.165998,88101,PPB,5/18/2017 00 :00
27-137-7554,18,55.4,27,137,7554,46.743657,-92.165998,88101,PPB,5/19/2017 00 :00
27-137-7554,10,71.6,27,137,7554,46.743657,-92.165998,88101,PPB,5/20/2017 00 :00
27-137-7554,7,59.6,27,137,7554,46.743657,-92.165998,88101,PPB,5/21/2017 02 :00
27-137-7554,6,66.2,27,137,7554,46.743657,-92.165998,88101,PPB,5/22/2017 12 :00
27-137-7554,9,72.2,27,137,7554,46.743657,-92.165998,88101,PPB,5/23/2017 05 :00
27-137-7554,12,82.4,27,137,7554,46.743657,-92.165998,88101,PPB,5/24/2017 00 :00
27-137-7554,17,78.8,27,137,7554,46.743657,-92.165998,88101,PPB,5/25/2017 09 :00
27-137-7554,25,80.6,27,137,7554,46.743657,-92.165998,88101,PPB,5/26/2017 08 :00
27-137-7554,8,64.4,27,137,7554,46.743657,-92.165998,88101,PPB,5/27/2017 05 :00
27-137-7554,8,69.8,27,137,7554,46.743657,-92.165998,88101,PPB,5/28/2017 02 :00
27-137-7554,13,78.8,27,137,7554,46.743657,-92.165998,88101,PPB,5/29/2017 05 :00
27-137-7554,10,75.2,27,137,7554,46.743657,-92.165998,88101,PPB,5/30/2017 01 :00
27-137-7554,16,69.2,27,137,7554,46.743657,-92.165998,88101,PPB,5/31/2017 02 :00
27-137-7554,11,65.6,27,137,7554,46.743657,-92.165998,88101,PPB,6/1/2017 11 :00
27-137-7554,15,75.2,27,137,7554,46.743657,-92.165998,88101,PPB,6/2/2017 00 :00
27-137-7554,9,73.4,27,137,7554,46.743657,-92.165998,88101,PPB,6/3/2017 00 :00
27-137-7554,20,73.4,27,137,7554,46.743657,-92.165998,88101,PPB,6/4/2017 00 :00
27-137-7554,7,65,27,137,7554,46.743657,-92.165998,88101,PPB,6/5/2017 00 :00
27-137-7554,15,78.8,27,137,7554,46.743657,-92.165998,88101,PPB,6/6/2017 02 :00
27-137-7554,8,64.4,27,137,7554,46.743657,-92.165998,88101,PPB,6/7/2017 00 :00
27-137-7554,9,65.6,27,137,7554,46.743657,-92.165998,88101,PPB,6/8/2017 05 :00
27-137-7554,11,68,27,137,7554,46.743657,-92.165998,88101,PPB,6/9/2017 00 :00
27-137-7554,9,71.6,27,137,7554,46.743657,-92.165998,88101,PPB,6/10/2017 01 :00
27-137-7554,11,68.6,27,137,7554,46.743657,-92.165998,88101,PPB,6/11/2017 03 :00
27-137-7554,12,54.2,27,137,7554,46.743657,-92.165998,88101,PPB,6/12/2017 00 :00
27-137-7554,6,68.6,27,137,7554,46.743657,-92.165998,88101,PPB,6/13/2017 00 :00
27-137-7554,13,57.8,27,137,7554,46.743657,-92.165998,88101,PPB,6/14/2017 00 :00
27-137-7554,4,59.6,27,137,7554,46.743657,-92.165998,88101,PPB,6/15/2017 03 :00
27-137-7554,8,76.4,27,137,7554,46.743657,-92.165998,88101,PPB,6/16/2017 01 :00
27-137-7554,15,78.8,27,137,7554,46.743657,-92.165998,88101,PPB,6/17/2017 00 :00
27-137-7554,8,65,27,137,7554,46.743657,-92.165998,88101,PPB,6/18/2017 00 :00
27-137-7554,11,55.4,27,137,7554,46.743657,-92.165998,88101,PPB,6/19/2017 01 :00
27-137-7554,11,55.4,27,137,7554,46.743657,-92.165998,88101,PPB,6/20/2017 03 :00
27-137-7554,13,71.6,27,137,7554,46.743657,-92.165998,88101,PPB,6/21/2017 03 :00
27-137-7554,14,62.6,27,137,7554,46.743657,-92.165998,88101,PPB,6/22/2017 02 :00
27-137-7554,20,79.4,27,137,7554,46.743657,-92.165998,88101,PPB,6/23/2017 05 :00
27-137-7554,16,57.8,27,137,7554,46.743657,-92.165998,88101,PPB,6/24/2017 02 :00
27-137-7554,6,54.8,27,137,7554,46.743657,-92.165998,88101,PPB,6/25/2017 01 :00
27-137-7554,9,58.4,27,137,7554,46.743657,-92.165998,88101,PPB,6/26/2017 03 :00
27-137-7554,12,62,27,137,7554,46.743657,-92.165998,88101,PPB,6/27/2017 00 :00
27-137-7554,8,80.6,27,137,7554,46.743657,-92.165998,88101,PPB,6/28/2017 01 :00
27-137-7554,12,78.8,27,137,7554,46.743657,-92.165998,88101,PPB,6/29/2017 00 :00
27-137-7554,6,80.6,27,137,7554,46.743657,-92.165998,88101,PPB,6/30/2017 03 :00
27-137-7554,7,69.8,27,137,7554,46.743657,-92.165998,88101,PPB,7/1/2017 00 :00
27-137-7554,2,69.8,27,137,7554,46.743657,-92.165998,88101,PPB,7/2/2017 00 :00
27-137-7554,28,71,27,137,7554,46.743657,-92.165998,88101,PPB,7/3/2017 05 :00
27-137-7554,24,74,27,137,7554,46.743657,-92.165998,88101,PPB,7/4/2017 02 :00
27-137-7554,26,80.6,27,137,7554,46.743657,-92.165998,88101,PPB,7/5/2017 00 :00
27-137-7554,26,82.4,27,137,7554,46.743657,-92.165998,88101,PPB,7/6/2017 02 :00
27-137-7554,10,79.4,27,137,7554,46.743657,-92.165998,88101,PPB,7/7/2017 02 :00
27-137-7554,8,66.8,27,137,7554,46.743657,-92.165998,88101,PPB,7/8/2017 12 :00
27-137-7554,21,72.2,27,137,7554,46.743657,-92.165998,88101,PPB,7/9/2017 00 :00
27-137-7554,20,78.8,27,137,7554,46.743657,-92.165998,88101,PPB,7/10/2017 00 :00
27-137-7554,19,72.8,27,137,7554,46.743657,-92.165998,88101,PPB,7/11/2017 03 :00
27-137-7554,9,72.8,27,137,7554,46.743657,-92.165998,88101,PPB,7/12/2017 02 :00
27-137-7554,16,68,27,137,7554,46.743657,-92.165998,88101,PPB,7/13/2017 01 :00
27-137-7554,17,57.8,27,137,7554,46.743657,-92.165998,88101,PPB,7/14/2017 03 :00
27-137-7554,6,69.2,27,137,7554,46.743657,-92.165998,88101,PPB,7/15/2017 02 :00
27-137-7554,28,73.4,27,137,7554,46.743657,-92.165998,88101,PPB,7/16/2017 05 :00
27-137-7554,22,74.6,27,137,7554,46.743657,-92.165998,88101,PPB,7/17/2017 00 :00
27-137-7554,18,75.2,27,137,7554,46.743657,-92.165998,88101,PPB,7/18/2017 02 :00
27-137-7554,17,74,27,137,7554,46.743657,-92.165998,88101,PPB,7/19/2017 03 :00
27-137-7554,15,83,27,137,7554,46.743657,-92.165998,88101,PPB,7/20/2017 08 :00
27-137-7554,21,87.8,27,137,7554,46.743657,-92.165998,88101,PPB,7/21/2017 03 :00
27-137-7554,9,79.4,27,137,7554,46.743657,-92.165998,88101,PPB,7/22/2017 00 :00
27-137-7554,7,72.8,27,137,7554,46.743657,-92.165998,88101,PPB,7/23/2017 01 :00
27-137-7554,15,76.4,27,137,7554,46.743657,-92.165998,88101,PPB,7/24/2017 01 :00
27-137-7554,14,71,27,137,7554,46.743657,-92.165998,88101,PPB,7/25/2017 00 :00
27-137-7554,13,80.6,27,137,7554,46.743657,-92.165998,88101,PPB,7/26/2017 05 :00
27-137-7554,5,61.4,27,137,7554,46.743657,-92.165998,88101,PPB,7/27/2017 01 :00
27-137-7554,9,72.2,27,137,7554,46.743657,-92.165998,88101,PPB,7/28/2017 01 :00
27-137-7554,27,75.2,27,137,7554,46.743657,-92.165998,88101,PPB,7/29/2017 01 :00
27-137-7554,30,77.6,27,137,7554,46.743657,-92.165998,88101,PPB,7/30/2017 04 :00
27-137-7554,13,78.8,27,137,7554,46.743657,-92.165998,88101,PPB,7/31/2017 00 :00
27-137-7554,24,75.8,27,137,7554,46.743657,-92.165998,88101,PPB,8/1/2017 00 :00
27-137-7554,29,80,27,137,7554,46.743657,-92.165998,88101,PPB,8/2/2017 04 :00
27-137-7554,28,74.6,27,137,7554,46.743657,-92.165998,88101,PPB,8/3/2017 03 :00
27-137-7554,14,71,27,137,7554,46.743657,-92.165998,88101,PPB,8/4/2017 08 :00
27-137-7554,20,76.4,27,137,7554,46.743657,-92.165998,88101,PPB,8/5/2017 00 :00
27-137-7554,18,66.8,27,137,7554,46.743657,-92.165998,88101,PPB,8/6/2017 06 :00
27-137-7554,17,68,27,137,7554,46.743657,-92.165998,88101,PPB,8/7/2017 01 :00
27-137-7554,32,78.2,27,137,7554,46.743657,-92.165998,88101,PPB,8/8/2017 01 :00
27-137-7554,17,76.4,27,137,7554,46.743657,-92.165998,88101,PPB,8/9/2017 02 :00
27-137-7554,24,73.4,27,137,7554,46.743657,-92.165998,88101,PPB,8/10/2017 00 :00
27-137-7554,17,71.6,27,137,7554,46.743657,-92.165998,88101,PPB,8/11/2017 03 :00
27-137-7554,23,75.8,27,137,7554,46.743657,-92.165998,88101,PPB,8/12/2017 02 :00
27-137-7554,12,73.4,27,137,7554,46.743657,-92.165998,88101,PPB,8/13/2017 00 :00
27-137-7554,20,71.6,27,137,7554,46.743657,-92.165998,88101,PPB,8/14/2017 03 :00
27-137-7554,4,62.6,27,137,7554,46.743657,-92.165998,88101,PPB,8/21/2017 21 :00
27-137-7554,12,66.2,27,137,7554,46.743657,-92.165998,88101,PPB,8/22/2017 00 :00
27-137-7554,18,64.4,27,137,7554,46.743657,-92.165998,88101,PPB,8/23/2017 02 :00
27-137-7554,17,69.8,27,137,7554,46.743657,-92.165998,88101,PPB,8/24/2017 01 :00
27-137-7554,9,68,27,137,7554,46.743657,-92.165998,88101,PPB,8/25/2017 05 :00
27-137-7554,7,66.8,27,137,7554,46.743657,-92.165998,88101,PPB,8/26/2017 01 :00
27-137-7554,13,69.2,27,137,7554,46.743657,-92.165998,88101,PPB,8/27/2017 04 :00
27-137-7554,16,70.4,27,137,7554,46.743657,-92.165998,88101,PPB,8/28/2017 02 :00
27-137-7554,9,64.4,27,137,7554,46.743657,-92.165998,88101,PPB,8/29/2017 00 :00
27-137-7554,18,64.4,27,137,7554,46.743657,-92.165998,88101,PPB,8/30/2017 00 :00
27-137-7554,12,69.8,27,137,7554,46.743657,-92.165998,88101,PPB,8/31/2017 05 :00
27-137-7554,12,70.4,27,137,7554,46.743657,-92.165998,88101,PPB,9/1/2017 00 :00
27-137-7554,11,73.4,27,137,7554,46.743657,-92.165998,88101,PPB,9/2/2017 00 :00
27-137-7554,11,71.6,27,137,7554,46.743657,-92.165998,88101,PPB,9/3/2017 04 :00
27-137-7554,9,74.6,27,137,7554,46.743657,-92.165998,88101,PPB,9/4/2017 05 :00
27-137-7554,11,63.8,27,137,7554,46.743657,-92.165998,88101,PPB,9/5/2017 03 :00
27-137-7554,13,69.8,27,137,7554,46.743657,-92.165998,88101,PPB,9/6/2017 02 :00
27-137-7554,12,75.2,27,137,7554,46.743657,-92.165998,88101,PPB,9/7/2017 00 :00
27-137-7554,11,71.6,27,137,7554,46.743657,-92.165998,88101,PPB,9/8/2017 04 :00
27-137-7554,13,70.4,27,137,7554,46.743657,-92.165998,88101,PPB,9/9/2017 05 :00
27-137-7554,11,51.2,27,137,7554,46.743657,-92.165998,88101,PPB,9/10/2017 02 :00
27-137-7554,4,51.8,27,137,7554,46.743657,-92.165998,88101,PPB,9/11/2017 00 :00
27-137-7554,8,48.2,27,137,7554,46.743657,-92.165998,88101,PPB,9/12/2017 04 :00
27-137-7554,12,53.6,27,137,7554,46.743657,-92.165998,88101,PPB,9/13/2017 00 :00
27-137-7554,9,57.8,27,137,7554,46.743657,-92.165998,88101,PPB,9/14/2017 05 :00
27-137-7554,9,56,27,137,7554,46.743657,-92.165998,88101,PPB,9/15/2017 00 :00
27-137-7554,9,66.2,27,137,7554,46.743657,-92.165998,88101,PPB,9/16/2017 01 :00
27-137-7554,12,69.2,27,137,7554,46.743657,-92.165998,88101,PPB,9/17/2017 03 :00
27-137-7554,6,48.2,27,137,7554,46.743657,-92.165998,88101,PPB,9/18/2017 04 :00
27-137-7554,21,62.6,27,137,7554,46.743657,-92.165998,88101,PPB,9/19/2017 07 :00
27-137-7554,18,66.8,27,137,7554,46.743657,-92.165998,88101,PPB,9/20/2017 05 :00
27-137-7554,9,59,27,137,7554,46.743657,-92.165998,88101,PPB,9/21/2017 03 :00
27-137-7554,9,71,27,137,7554,46.743657,-92.165998,88101,PPB,9/22/2017 02 :00
27-137-7554,15,71,27,137,7554,46.743657,-92.165998,88101,PPB,9/23/2017 13 :00
27-137-7554,15,63.8,27,137,7554,46.743657,-92.165998,88101,PPB,9/24/2017 03 :00
27-137-7554,15,64.4,27,137,7554,46.743657,-92.165998,88101,PPB,9/25/2017 02 :00
27-137-7554,17,75.2,27,137,7554,46.743657,-92.165998,88101,PPB,9/26/2017 01 :00
27-137-7554,21,78.2,27,137,7554,46.743657,-92.165998,88101,PPB,9/27/2017 00 :00
27-137-7554,48,79.4,27,137,7554,46.743657,-92.165998,88101,PPB,9/28/2017 00 :00
27-137-7554,12,48.2,27,137,7554,46.743657,-92.165998,88101,PPB,9/29/2017 03 :00
27-137-7554,7,45.8,27,137,7554,46.743657,-92.165998,88101,PPB,9/30/2017 02 :00
27-137-7554,10,51.8,27,137,7554,46.743657,-92.165998,88101,PPB,10/1/2017 03 :00
27-137-7554,10,55.4,27,137,7554,46.743657,-92.165998,88101,PPB,10/2/2017 02 :00
27-137-7554,8,46.4,27,137,7554,46.743657,-92.165998,88101,PPB,10/3/2017 03 :00
27-137-7554,5,43.4,27,137,7554,46.743657,-92.165998,88101,PPB,10/4/2017 01 :00
27-137-7554,7,47.6,27,137,7554,46.743657,-92.165998,88101,PPB,10/5/2017 02 :00
27-137-7554,12,53,27,137,7554,46.743657,-92.165998,88101,PPB,10/6/2017 00 :00
27-137-7554,10,47.6,27,137,7554,46.743657,-92.165998,88101,PPB,10/7/2017 00 :00
27-137-7554,7,49.4,27,137,7554,46.743657,-92.165998,88101,PPB,10/8/2017 04 :00
27-137-7554,6,43.4,27,137,7554,46.743657,-92.165998,88101,PPB,10/9/2017 00 :00
27-137-7554,11,48.8,27,137,7554,46.743657,-92.165998,88101,PPB,10/13/2017 17 :00
27-137-7554,6,62,27,137,7554,46.743657,-92.165998,88101,PPB,10/14/2017 03 :00
27-137-7554,11,57.2,27,137,7554,46.743657,-92.165998,88101,PPB,10/15/2017 01 :00
27-137-7554,9,53.6,27,137,7554,46.743657,-92.165998,88101,PPB,10/16/2017 00 :00
27-137-7554,6,50,27,137,7554,46.743657,-92.165998,88101,PPB,10/17/2017 01 :00
27-137-7554,4,48.2,27,137,7554,46.743657,-92.165998,88101,PPB,10/18/2017 06 :00
27-137-7554,30,57.2,27,137,7554,46.743657,-92.165998,88101,PPB,10/19/2017 03 :00
27-137-7554,10,48.8,27,137,7554,46.743657,-92.165998,88101,PPB,10/20/2017 00 :00
27-137-7554,3,47,27,137,7554,46.743657,-92.165998,88101,PPB,10/21/2017 03 :00
27-137-7554,7,55.4,27,137,7554,46.743657,-92.165998,88101,PPB,10/22/2017 01 :00
27-137-7554,10,56.6,27,137,7554,46.743657,-92.165998,88101,PPB,10/23/2017 03 :00
27-137-7554,9,59,27,137,7554,46.743657,-92.165998,88101,PPB,10/24/2017 09 :00
27-137-7554,9,57.8,27,137,7554,46.743657,-92.165998,88101,PPB,10/25/2017 03 :00
27-137-7554,34,60.2,27,137,7554,46.743657,-92.165998,88101,PPB,10/26/2017 02 :00
27-137-7554,7,51.8,27,137,7554,46.743657,-92.165998,88101,PPB,10/27/2017 01 :00
27-137-7554,10,43.4,27,137,7554,46.743657,-92.165998,88101,PPB,10/28/2017 01 :00
27-137-7554,4,40.4,27,137,7554,46.743657,-92.165998,88101,PPB,10/29/2017 04 :00
27-137-7554,3,41,27,137,7554,46.743657,-92.165998,88101,PPB,10/30/2017 10 :00
27-137-7554,8,37.4,27,137,7554,46.743657,-92.165998,88101,PPB,10/31/2017 01 :00
27-137-7554,12,33.8,27,137,7554,46.743657,-92.165998,88101,PPB,4/1/2018 00 :00
27-137-7554,10,35.6,27,137,7554,46.743657,-92.165998,88101,PPB,4/2/2018 02 :00
27-137-7554,4,28.4,27,137,7554,46.743657,-92.165998,88101,PPB,4/3/2018 02 :00
27-137-7554,6,36.2,27,137,7554,46.743657,-92.165998,88101,PPB,4/4/2018 01 :00
27-137-7554,9,42.8,27,137,7554,46.743657,-92.165998,88101,PPB,4/5/2018 01 :00
27-137-7554,9,50,27,137,7554,46.743657,-92.165998,88101,PPB,4/6/2018 01 :00
27-137-7554,24,50.6,27,137,7554,46.743657,-92.165998,88101,PPB,4/7/2018 01 :00
27-137-7554,21,44.6,27,137,7554,46.743657,-92.165998,88101,PPB,4/8/2018 01 :00
27-137-7554,18,55.4,27,137,7554,46.743657,-92.165998,88101,PPB,4/9/2018 00 :00
27-137-7554,4,51.8,27,137,7554,46.743657,-92.165998,88101,PPB,4/10/2018 00 :00
27-137-7554,6,53.6,27,137,7554,46.743657,-92.165998,88101,PPB,4/11/2018 01 :00
27-137-7554,7,42.8,27,137,7554,46.743657,-92.165998,88101,PPB,4/12/2018 00 :00
27-137-7554,12,36.2,27,137,7554,46.743657,-92.165998,88101,PPB,4/13/2018 01 :00
27-137-7554,5,29,27,137,7554,46.743657,-92.165998,88101,PPB,4/14/2018 00 :00
27-137-7554,6,28.4,27,137,7554,46.743657,-92.165998,88101,PPB,4/15/2018 00 :00
27-137-7554,5,26.6,27,137,7554,46.743657,-92.165998,88101,PPB,4/16/2018 02 :00
27-137-7554,6,30.2,27,137,7554,46.743657,-92.165998,88101,PPB,4/17/2018 01 :00
27-137-7554,9,39.2,27,137,7554,46.743657,-92.165998,88101,PPB,4/18/2018 02 :00
27-137-7554,7,47,27,137,7554,46.743657,-92.165998,88101,PPB,4/19/2018 03 :00
27-137-7554,17,66.2,27,137,7554,46.743657,-92.165998,88101,PPB,4/20/2018 05 :00
27-137-7554,11,60.8,27,137,7554,46.743657,-92.165998,88101,PPB,4/21/2018 00 :00
27-137-7554,5,53.6,27,137,7554,46.743657,-92.165998,88101,PPB,4/22/2018 02 :00
27-137-7554,8,50,27,137,7554,46.743657,-92.165998,88101,PPB,4/23/2018 00 :00
27-137-7554,4,35.6,27,137,7554,46.743657,-92.165998,88101,PPB,4/24/2018 00 :00
27-137-7554,6,42.8,27,137,7554,46.743657,-92.165998,88101,PPB,4/25/2018 07 :00
27-137-7554,20,41,27,137,7554,46.743657,-92.165998,88101,PPB,4/26/2018 00 :00
27-137-7554,4,33.8,27,137,7554,46.743657,-92.165998,88101,PPB,4/27/2018 00 :00
27-137-7554,3,37.4,27,137,7554,46.743657,-92.165998,88101,PPB,4/28/2018 02 :00
27-137-7554,5,39.2,27,137,7554,46.743657,-92.165998,88101,PPB,4/29/2018 00 :00
27-137-7554,3,39.2,27,137,7554,46.743657,-92.165998,88101,PPB,4/30/2018 00 :00
27-137-7554,2,43.4,27,137,7554,46.743657,-92.165998,88101,PPB,5/1/2018 01 :00
27-137-7554,6,51.8,27,137,7554,46.743657,-92.165998,88101,PPB,5/2/2018 01 :00
27-137-7554,4,51.8,27,137,7554,46.743657,-92.165998,88101,PPB,5/3/2018 10 :00
27-137-7554,4,53,27,137,7554,46.743657,-92.165998,88101,PPB,5/4/2018 00 :00
27-137-7554,5,47,27,137,7554,46.743657,-92.165998,88101,PPB,5/5/2018 01 :00
27-137-7554,4,46.4,27,137,7554,46.743657,-92.165998,88101,PPB,5/6/2018 00 :00
27-137-7554,6,54.2,27,137,7554,46.743657,-92.165998,88101,PPB,5/7/2018 02 :00
27-137-7554,9,45.2,27,137,7554,46.743657,-92.165998,88101,PPB,5/8/2018 07 :00
27-137-7554,10,44,27,137,7554,46.743657,-92.165998,88101,PPB,5/9/2018 00 :00
27-137-7554,7,59,27,137,7554,46.743657,-92.165998,88101,PPB,5/10/2018 00 :00
27-137-7554,5,53.6,27,137,7554,46.743657,-92.165998,88101,PPB,5/11/2018 16 :00
27-137-7554,5,46.4,27,137,7554,46.743657,-92.165998,88101,PPB,5/12/2018 00 :00
27-137-7554,1,41,27,137,7554,46.743657,-92.165998,88101,PPB,5/13/2018 00 :00
27-137-7554,5,48.8,27,137,7554,46.743657,-92.165998,88101,PPB,5/14/2018 01 :00
27-137-7554,3,43.4,27,137,7554,46.743657,-92.165998,88101,PPB,5/15/2018 01 :00
27-137-7554,8,51.2,27,137,7554,46.743657,-92.165998,88101,PPB,5/16/2018 01 :00
27-137-7554,17,64.4,27,137,7554,46.743657,-92.165998,88101,PPB,5/17/2018 06 :00
27-137-7554,16,69.8,27,137,7554,46.743657,-92.165998,88101,PPB,5/18/2018 03 :00
27-137-7554,18,52.4,27,137,7554,46.743657,-92.165998,88101,PPB,5/19/2018 03 :00
27-137-7554,11,75.2,27,137,7554,46.743657,-92.165998,88101,PPB,5/20/2018 03 :00
27-137-7554,9,60.8,27,137,7554,46.743657,-92.165998,88101,PPB,5/21/2018 00 :00
27-137-7554,6,65,27,137,7554,46.743657,-92.165998,88101,PPB,5/22/2018 00 :00
27-137-7554,25,74.6,27,137,7554,46.743657,-92.165998,88101,PPB,5/23/2018 01 :00
27-137-7554,7,80.6,27,137,7554,46.743657,-92.165998,88101,PPB,5/24/2018 03 :00
27-137-7554,52,80.6,27,137,7554,46.743657,-92.165998,88101,PPB,5/25/2018 04 :00
27-137-7554,24,83.6,27,137,7554,46.743657,-92.165998,88101,PPB,5/26/2018 00 :00
27-137-7554,3,60.2,27,137,7554,46.743657,-92.165998,88101,PPB,5/27/2018 06 :00
27-137-7554,8,69.8,27,137,7554,46.743657,-92.165998,88101,PPB,5/28/2018 01 :00
27-137-7554,12,81.2,27,137,7554,46.743657,-92.165998,88101,PPB,5/29/2018 00 :00
27-137-7554,9,74.6,27,137,7554,46.743657,-92.165998,88101,PPB,5/30/2018 05 :00
27-137-7554,23,68.9,27,137,7554,46.743657,-92.165998,88101,PPB,5/31/2018 03 :00
27-137-7554,13,69.8,27,137,7554,46.743657,-92.165998,88101,PPB,6/1/2018 01 :00
27-137-7554,10,74.6,27,137,7554,46.743657,-92.165998,88101,PPB,6/2/2018 05 :00
27-137-7554,5,71.6,27,137,7554,46.743657,-92.165998,88101,PPB,6/3/2018 07 :00
27-137-7554,12,72.2,27,137,7554,46.743657,-92.165998,88101,PPB,6/4/2018 05 :00
27-137-7554,18,65,27,137,7554,46.743657,-92.165998,88101,PPB,6/5/2018 05 :00
27-137-7554,19,79.4,27,137,7554,46.743657,-92.165998,88101,PPB,6/6/2018 00 :00
27-137-7554,5,63.2,27,137,7554,46.743657,-92.165998,88101,PPB,6/7/2018 05 :00
27-137-7554,36,66.2,27,137,7554,46.743657,-92.165998,88101,PPB,6/8/2018 04 :00
27-137-7554,14,71.6,27,137,7554,46.743657,-92.165998,88101,PPB,6/9/2018 07 :00
27-137-7554,11,71.6,27,137,7554,46.743657,-92.165998,88101,PPB,6/10/2018 02 :00
27-137-7554,15,69.8,27,137,7554,46.743657,-92.165998,88101,PPB,6/11/2018 01 :00
27-137-7554,11,55.4,27,137,7554,46.743657,-92.165998,88101,PPB,6/12/2018 05 :00
27-137-7554,7,66.8,27,137,7554,46.743657,-92.165998,88101,PPB,6/13/2018 02 :00
27-137-7554,6,48.2,27,137,7554,46.743657,-92.165998,88101,PPB,6/14/2018 07 :00
27-137-7554,5,69.8,27,137,7554,46.743657,-92.165998,88101,PPB,6/15/2018 02 :00
27-137-7554,7,74.6,27,137,7554,46.743657,-92.165998,88101,PPB,6/16/2018 00 :00
27-137-7554,15,78.8,27,137,7554,46.743657,-92.165998,88101,PPB,6/17/2018 01 :00
27-137-7554,10,65.6,27,137,7554,46.743657,-92.165998,88101,PPB,6/18/2018 06 :00
27-137-7554,10,53.6,27,137,7554,46.743657,-92.165998,88101,PPB,6/19/2018 02 :00
27-137-7554,10,51.8,27,137,7554,46.743657,-92.165998,88101,PPB,6/20/2018 01 :00
27-137-7554,12,68.6,27,137,7554,46.743657,-92.165998,88101,PPB,6/21/2018 01 :00
27-137-7554,14,60.2,27,137,7554,46.743657,-92.165998,88101,PPB,6/22/2018 05 :00
27-137-7554,24,79.4,27,137,7554,46.743657,-92.165998,88101,PPB,6/23/2018 00 :00
27-137-7554,12,63.2,27,137,7554,46.743657,-92.165998,88101,PPB,6/24/2018 00 :00
27-137-7554,6,55.4,27,137,7554,46.743657,-92.165998,88101,PPB,6/25/2018 05 :00
27-137-7554,10,62.6,27,137,7554,46.743657,-92.165998,88101,PPB,6/26/2018 00 :00
27-137-7554,13,63.8,27,137,7554,46.743657,-92.165998,88101,PPB,6/27/2018 03 :00
27-137-7554,21,81.2,27,137,7554,46.743657,-92.165998,88101,PPB,6/28/2018 03 :00
27-137-7554,17,79.4,27,137,7554,46.743657,-92.165998,88101,PPB,6/29/2018 01 :00
27-137-7554,7,78.8,27,137,7554,46.743657,-92.165998,88101,PPB,6/30/2018 00 :00
27-137-7554,1,69.8,27,137,7554,46.743657,-92.165998,88101,PPB,7/1/2018 02 :00
27-137-7554,11,69.8,27,137,7554,46.743657,-92.165998,88101,PPB,7/2/2018 01 :00
27-137-7554,12,72.8,27,137,7554,46.743657,-92.165998,88101,PPB,7/3/2018 01 :00
27-137-7554,32,75.2,27,137,7554,46.743657,-92.165998,88101,PPB,7/4/2018 00 :00
27-137-7554,59,77.6,27,137,7554,46.743657,-92.165998,88101,PPB,7/5/2018 01 :00
27-137-7554,16,83,27,137,7554,46.743657,-92.165998,88101,PPB,7/6/2018 05 :00
27-137-7554,12,80.6,27,137,7554,46.743657,-92.165998,88101,PPB,7/7/2018 00 :00
27-137-7554,7,66.2,27,137,7554,46.743657,-92.165998,88101,PPB,7/8/2018 04 :00
27-137-7554,5,71.6,27,137,7554,46.743657,-92.165998,88101,PPB,7/9/2018 03 :00
27-137-7554,17,78.8,27,137,7554,46.743657,-92.165998,88101,PPB,7/10/2018 06 :00
27-137-7554,20,73.4,27,137,7554,46.743657,-92.165998,88101,PPB,7/11/2018 01 :00
27-137-7554,15,72.8,27,137,7554,46.743657,-92.165998,88101,PPB,7/12/2018 00 :00
27-137-7554,27,69.2,27,137,7554,46.743657,-92.165998,88101,PPB,7/13/2018 06 :00
27-137-7554,17,58.4,27,137,7554,46.743657,-92.165998,88101,PPB,7/14/2018 00 :00
27-137-7554,19,69.2,27,137,7554,46.743657,-92.165998,88101,PPB,7/15/2018 01 :00
27-137-7554,10,72.2,27,137,7554,46.743657,-92.165998,88101,PPB,7/16/2018 00 :00
27-137-7554,24,75.2,27,137,7554,46.743657,-92.165998,88101,PPB,7/17/2018 04 :00
27-137-7554,4,69.8,27,137,7554,46.743657,-92.165998,88101,PPB,7/18/2018 05 :00
27-137-7554,24,71.6,27,137,7554,46.743657,-92.165998,88101,PPB,7/19/2018 00 :00
27-137-7554,13,80.6,27,137,7554,46.743657,-92.165998,88101,PPB,7/20/2018 00 :00
27-137-7554,22,87.8,27,137,7554,46.743657,-92.165998,88101,PPB,7/21/2018 01 :00
27-137-7554,13,77.6,27,137,7554,46.743657,-92.165998,88101,PPB,7/22/2018 01 :00
27-137-7554,10,74,27,137,7554,46.743657,-92.165998,88101,PPB,7/23/2018 00 :00
27-137-7554,17,74,27,137,7554,46.743657,-92.165998,88101,PPB,7/24/2018 00 :00
27-137-7554,15,70.4,27,137,7554,46.743657,-92.165998,88101,PPB,7/25/2018 02 :00
27-137-7554,24,84.2,27,137,7554,46.743657,-92.165998,88101,PPB,7/26/2018 00 :00
27-137-7554,9,62.6,27,137,7554,46.743657,-92.165998,88101,PPB,7/27/2018 00 :00
27-137-7554,18,73.4,27,137,7554,46.743657,-92.165998,88101,PPB,7/28/2018 00 :00
27-137-7554,6,72.8,27,137,7554,46.743657,-92.165998,88101,PPB,7/29/2018 00 :00
27-137-7554,18,77.6,27,137,7554,46.743657,-92.165998,88101,PPB,7/30/2018 02 :00
27-137-7554,19,78.8,27,137,7554,46.743657,-92.165998,88101,PPB,7/31/2018 01 :00
27-137-7554,24,75.8,27,137,7554,46.743657,-92.165998,88101,PPB,8/1/2018 02 :00
27-137-7554,21,81.2,27,137,7554,46.743657,-92.165998,88101,PPB,8/2/2018 01 :00
27-137-7554,16,74.6,27,137,7554,46.743657,-92.165998,88101,PPB,8/3/2018 01 :00
27-137-7554,18,71,27,137,7554,46.743657,-92.165998,88101,PPB,8/4/2018 01 :00
27-137-7554,15,77,27,137,7554,46.743657,-92.165998,88101,PPB,8/5/2018 01 :00
27-137-7554,25,73.4,27,137,7554,46.743657,-92.165998,88101,PPB,8/6/2018 00 :00
27-137-7554,21,73.4,27,137,7554,46.743657,-92.165998,88101,PPB,8/7/2018 02 :00
27-137-7554,22,78.8,27,137,7554,46.743657,-92.165998,88101,PPB,8/8/2018 00 :00
27-137-7554,21,75.2,27,137,7554,46.743657,-92.165998,88101,PPB,8/9/2018 00 :00
27-137-7554,24,71.6,27,137,7554,46.743657,-92.165998,88101,PPB,8/10/2018 02 :00
27-137-7554,19,64.4,27,137,7554,46.743657,-92.165998,88101,PPB,8/11/2018 00 :00
27-137-7554,8,75.2,27,137,7554,46.743657,-92.165998,88101,PPB,8/12/2018 01 :00
27-137-7554,17,72.8,27,137,7554,46.743657,-92.165998,88101,PPB,8/13/2018 04 :00
27-137-7554,6,63.8,27,137,7554,46.743657,-92.165998,88101,PPB,8/14/2018 00 :00
27-137-7554,11,65,27,137,7554,46.743657,-92.165998,88101,PPB,8/22/2018 04 :00
27-137-7554,16,65,27,137,7554,46.743657,-92.165998,88101,PPB,8/23/2018 01 :00
27-137-7554,21,66.2,27,137,7554,46.743657,-92.165998,88101,PPB,8/24/2018 02 :00
27-137-7554,12,73.4,27,137,7554,46.743657,-92.165998,88101,PPB,8/25/2018 00 :00
27-137-7554,8,65,27,137,7554,46.743657,-92.165998,88101,PPB,8/26/2018 00 :00
27-137-7554,6,69.8,27,137,7554,46.743657,-92.165998,88101,PPB,8/27/2018 02 :00
27-137-7554,13,71.6,27,137,7554,46.743657,-92.165998,88101,PPB,8/28/2018 04 :00
27-137-7554,16,64.4,27,137,7554,46.743657,-92.165998,88101,PPB,8/29/2018 02 :00
27-137-7554,10,66.2,27,137,7554,46.743657,-92.165998,88101,PPB,8/30/2018 01 :00
27-137-7554,10,68,27,137,7554,46.743657,-92.165998,88101,PPB,8/31/2018 01 :00
27-137-7554,11,70.4,27,137,7554,46.743657,-92.165998,88101,PPB,9/1/2018 01 :00
27-137-7554,12,71,27,137,7554,46.743657,-92.165998,88101,PPB,9/2/2018 01 :00
27-137-7554,9,73.4,27,137,7554,46.743657,-92.165998,88101,PPB,9/3/2018 00 :00
27-137-7554,9,71.6,27,137,7554,46.743657,-92.165998,88101,PPB,9/4/2018 01 :00
27-137-7554,10,62.6,27,137,7554,46.743657,-92.165998,88101,PPB,9/5/2018 00 :00
27-137-7554,15,69.8,27,137,7554,46.743657,-92.165998,88101,PPB,9/6/2018 00 :00
27-137-7554,15,75.2,27,137,7554,46.743657,-92.165998,88101,PPB,9/7/2018 03 :00
27-137-7554,12,71.6,27,137,7554,46.743657,-92.165998,88101,PPB,9/8/2018 01 :00
27-137-7554,20,71.6,27,137,7554,46.743657,-92.165998,88101,PPB,9/9/2018 01 :00
27-137-7554,7,48.2,27,137,7554,46.743657,-92.165998,88101,PPB,9/10/2018 05 :00
27-137-7554,5,49.4,27,137,7554,46.743657,-92.165998,88101,PPB,9/11/2018 04 :00
27-137-7554,9,48.8,27,137,7554,46.743657,-92.165998,88101,PPB,9/12/2018 00 :00
27-137-7554,13,54.8,27,137,7554,46.743657,-92.165998,88101,PPB,9/13/2018 01 :00
27-137-7554,13,57.2,27,137,7554,46.743657,-92.165998,88101,PPB,9/14/2018 01 :00
27-137-7554,10,57.2,27,137,7554,46.743657,-92.165998,88101,PPB,9/15/2018 01 :00
27-137-7554,8,66.8,27,137,7554,46.743657,-92.165998,88101,PPB,9/16/2018 03 :00
27-137-7554,16,67.4,27,137,7554,46.743657,-92.165998,88101,PPB,9/17/2018 00 :00
27-137-7554,7,48.2,27,137,7554,46.743657,-92.165998,88101,PPB,9/18/2018 00 :00
27-137-7554,19,62.6,27,137,7554,46.743657,-92.165998,88101,PPB,9/19/2018 03 :00
27-137-7554,21,67.4,27,137,7554,46.743657,-92.165998,88101,PPB,9/20/2018 00 :00
27-137-7554,9,62.6,27,137,7554,46.743657,-92.165998,88101,PPB,9/21/2018 04 :00
27-137-7554,12,69.2,27,137,7554,46.743657,-92.165998,88101,PPB,9/22/2018 01 :00
27-137-7554,13,71.6,27,137,7554,46.743657,-92.165998,88101,PPB,9/23/2018 00 :00
27-137-7554,11,62,27,137,7554,46.743657,-92.165998,88101,PPB,9/24/2018 01 :00
27-137-7554,14,65,27,137,7554,46.743657,-92.165998,88101,PPB,9/25/2018 00 :00
27-137-7554,17,73.4,27,137,7554,46.743657,-92.165998,88101,PPB,9/26/2018 02 :00
27-137-7554,19,79.4,27,137,7554,46.743657,-92.165998,88101,PPB,9/27/2018 06 :00
27-137-7554,37,75.8,27,137,7554,46.743657,-92.165998,88101,PPB,9/28/2018 03 :00
27-137-7554,10,46.4,27,137,7554,46.743657,-92.165998,88101,PPB,9/29/2018 07 :00
27-137-7554,6,48.8,27,137,7554,46.743657,-92.165998,88101,PPB,9/30/2018 01 :00
27-137-7554,25,51.8,27,137,7554,46.743657,-92.165998,88101,PPB,10/1/2018 00 :00
27-137-7554,12,57.2,27,137,7554,46.743657,-92.165998,88101,PPB,10/2/2018 00 :00
27-137-7554,5,45.2,27,137,7554,46.743657,-92.165998,88101,PPB,10/3/2018 05 :00
27-137-7554,4,44.6,27,137,7554,46.743657,-92.165998,88101,PPB,10/4/2018 00 :00
27-137-7554,6,47,27,137,7554,46.743657,-92.165998,88101,PPB,10/5/2018 00 :00
27-137-7554,5,53.6,27,137,7554,46.743657,-92.165998,88101,PPB,10/6/2018 07 :00
27-137-7554,7,46.4,27,137,7554,46.743657,-92.165998,88101,PPB,10/7/2018 13 :00
27-137-7554,9,48.2,27,137,7554,46.743657,-92.165998,88101,PPB,10/8/2018 01 :00
27-137-7554,7,47.6,27,137,7554,46.743657,-92.165998,88101,PPB,10/9/2018 01 :00
27-137-7554,12,51.8,27,137,7554,46.743657,-92.165998,88101,PPB,10/13/2018 15 :00
27-137-7554,9,59.6,27,137,7554,46.743657,-92.165998,88101,PPB,10/14/2018 01 :00
27-137-7554,8,56,27,137,7554,46.743657,-92.165998,88101,PPB,10/15/2018 00 :00
27-137-7554,8,55.4,27,137,7554,46.743657,-92.165998,88101,PPB,10/16/2018 07 :00
27-137-7554,5,51.2,27,137,7554,46.743657,-92.165998,88101,PPB,10/17/2018 00 :00
27-137-7554,6,45.8,27,137,7554,46.743657,-92.165998,88101,PPB,10/18/2018 02 :00
27-137-7554,8,62.6,27,137,7554,46.743657,-92.165998,88101,PPB,10/19/2018 04 :00
27-137-7554,11,51.8,27,137,7554,46.743657,-92.165998,88101,PPB,10/20/2018 01 :00
27-137-7554,4,47.6,27,137,7554,46.743657,-92.165998,88101,PPB,10/21/2018 00 :00
27-137-7554,6,55.4,27,137,7554,46.743657,-92.165998,88101,PPB,10/22/2018 00 :00
27-137-7554,12,56.6,27,137,7554,46.743657,-92.165998,88101,PPB,10/23/2018 04 :00
27-137-7554,9,67.4,27,137,7554,46.743657,-92.165998,88101,PPB,10/24/2018 01 :00
27-137-7554,9,57.8,27,137,7554,46.743657,-92.165998,88101,PPB,10/25/2018 02 :00
27-137-7554,13,59.6,27,137,7554,46.743657,-92.165998,88101,PPB,10/26/2018 00 :00
27-137-7554,5,51.8,27,137,7554,46.743657,-92.165998,88101,PPB,10/27/2018 03 :00
27-137-7554,11,44.6,27,137,7554,46.743657,-92.165998,88101,PPB,10/28/2018 00 :00
27-137-7554,4,39.2,27,137,7554,46.743657,-92.165998,88101,PPB,10/29/2018 03 :00
27-137-7554,3,40.4,27,137,7554,46.743657,-92.165998,88101,PPB,10/30/2018 00 :00
27-137-7554,4,36.2,27,137,7554,46.743657,-92.165998,88101,PPB,10/31/2018 00 :00
